ThetisCoreConf.g.en-US.resources:wndsettings.baml,Window_1:ThetisCore.Conf.WndSettings.$Content,None,True,True,,#Grid_1;
ThetisCoreConf.g.en-US.resources:wndsettings.baml,Window_1:System.Windows.Window.Title,Title,True,True,,ThetisCore Settings
ThetisCoreConf.g.en-US.resources:wndsettings.baml,Window_1:System.Windows.FrameworkElement.Height,None,False,True,,391
ThetisCoreConf.g.en-US.resources:wndsettings.baml,Window_1:System.Windows.FrameworkElement.Width,None,False,True,,439
ThetisCoreConf.g.en-US.resources:wndsettings.baml,Window_1:System.Windows.Controls.Control.Background,None,False,True,,\#FFFFDAB9
ThetisCoreConf.g.en-US.resources:wndsettings.baml,Window_1:System.Windows.Window.ResizeMode,None,False,True,,CanResize
ThetisCoreConf.g.en-US.resources:wndsettings.baml,Window_1:System.Windows.Window.ShowInTaskbar,None,False,True,,True
ThetisCoreConf.g.en-US.resources:wndsettings.baml,Window_1:System.Windows.Window.WindowStartupLocation,None,False,True,,CenterScreen
ThetisCoreConf.g.en-US.resources:wndsettings.baml,Window_1:System.Windows.Window.WindowStyle,None,True,False,,SingleBorderWindow
ThetisCoreConf.g.en-US.resources:wndsettings.baml,Window_1:System.Windows.Controls.Control.VerticalContentAlignment,None,False,True,,Center
ThetisCoreConf.g.en-US.resources:wndsettings.baml,Grid_1:System.Windows.FrameworkElement.Margin,None,False,True,,5
ThetisCoreConf.g.en-US.resources:wndsettings.baml,Grid_1:System.Windows.FrameworkElement.HorizontalAlignment,None,False,True,,Stretch
ThetisCoreConf.g.en-US.resources:wndsettings.baml,Grid_1:System.Windows.FrameworkElement.VerticalAlignment,None,False,True,,Stretch
ThetisCoreConf.g.en-US.resources:wndsettings.baml,TabControl_1:System.Windows.Controls.TabControl.$Content,None,False,True,,#TabItem_1;#TabItem_2;#TabItem_4;#TabItem_3;
ThetisCoreConf.g.en-US.resources:wndsettings.baml,TabControl_1:System.Windows.Controls.Control.HorizontalContentAlignment,None,False,True,,Stretch
ThetisCoreConf.g.en-US.resources:wndsettings.baml,TabControl_1:System.Windows.Controls.Control.Padding,None,False,True,,5
ThetisCoreConf.g.en-US.resources:wndsettings.baml,TabControl_1:System.Windows.Controls.Grid.ColumnSpan,None,False,True,,4
ThetisCoreConf.g.en-US.resources:wndsettings.baml,TabControl_1:System.Windows.Controls.Grid.RowSpan,None,False,True,,3
ThetisCoreConf.g.en-US.resources:wndsettings.baml,TabControl_1:System.Windows.FrameworkElement.Margin,None,False,True,,"8,6.362,8,56"
ThetisCoreConf.g.en-US.resources:wndsettings.baml,TabControl_1:System.Windows.Controls.Control.Background,None,False,True,,\#FFFFEDE4
ThetisCoreConf.g.en-US.resources:wndsettings.baml,TabItem_1:System.Windows.Controls.TabItem.$Content,Text,True,True,,#StackPanel_2;
ThetisCoreConf.g.en-US.resources:wndsettings.baml,TabItem_1:System.Windows.Controls.HeaderedContentControl.Header,Label,True,True,,General Config.
ThetisCoreConf.g.en-US.resources:wndsettings.baml,TabItem_1:System.Windows.Controls.TabItem.IsSelected,None,False,True,,True
ThetisCoreConf.g.en-US.resources:wndsettings.baml,TabItem_1:System.Windows.Controls.Control.Background,None,False,True,,\#FFFFEDE4
ThetisCoreConf.g.en-US.resources:wndsettings.baml,StackPanel_2:System.Windows.FrameworkElement.Margin,None,False,True,,"5,0,5,10"
ThetisCoreConf.g.en-US.resources:wndsettings.baml,StackPanel_2:System.Windows.FrameworkElement.Height,None,False,True,,264
ThetisCoreConf.g.en-US.resources:wndsettings.baml,StackPanel_2:System.Windows.Controls.StackPanel.Orientation,None,False,True,,Vertical
ThetisCoreConf.g.en-US.resources:wndsettings.baml,StackPanel_3:System.Windows.FrameworkElement.Margin,None,False,True,,0
ThetisCoreConf.g.en-US.resources:wndsettings.baml,StackPanel_3:System.Windows.FrameworkElement.Height,None,False,True,,217
ThetisCoreConf.g.en-US.resources:wndsettings.baml,StackPanel_3:System.Windows.Controls.StackPanel.Orientation,None,False,True,,Vertical
ThetisCoreConf.g.en-US.resources:wndsettings.baml,groupBox1:System.Windows.Controls.GroupBox.$Content,None,False,True,,#StackPanel_4;
ThetisCoreConf.g.en-US.resources:wndsettings.baml,groupBox1:System.Windows.Controls.HeaderedContentControl.Header,Label,True,True,,Navi Panel
ThetisCoreConf.g.en-US.resources:wndsettings.baml,groupBox1:System.Windows.FrameworkElement.Height,None,False,True,,65
ThetisCoreConf.g.en-US.resources:wndsettings.baml,groupBox1:System.Windows.FrameworkElement.Margin,None,False,True,,"0,10,0,0"
ThetisCoreConf.g.en-US.resources:wndsettings.baml,StackPanel_4:System.Windows.Controls.StackPanel.Orientation,None,False,True,,Horizontal
ThetisCoreConf.g.en-US.resources:wndsettings.baml,StackPanel_4:System.Windows.FrameworkElement.Height,None,False,True,,31
ThetisCoreConf.g.en-US.resources:wndsettings.baml,Label_1:System.Windows.Controls.Label.$Content,Label,True,True,,Max. items to display :
ThetisCoreConf.g.en-US.resources:wndsettings.baml,Label_1:System.Windows.FrameworkElement.Height,None,False,True,,25
ThetisCoreConf.g.en-US.resources:wndsettings.baml,txbConfigMaxPanels:System.Windows.Controls.TextBox.$Content,Text,True,True,,
ThetisCoreConf.g.en-US.resources:wndsettings.baml,txbConfigMaxPanels:System.Windows.FrameworkElement.Width,None,False,True,,43
ThetisCoreConf.g.en-US.resources:wndsettings.baml,txbConfigMaxPanels:System.Windows.FrameworkElement.Height,None,False,True,,22
ThetisCoreConf.g.en-US.resources:wndsettings.baml,TabItem_2:System.Windows.Controls.TabItem.$Content,Text,True,True,,#Grid_2;
ThetisCoreConf.g.en-US.resources:wndsettings.baml,TabItem_2:System.Windows.Controls.HeaderedContentControl.Header,Label,True,True,,RSS Sites
ThetisCoreConf.g.en-US.resources:wndsettings.baml,TabItem_2:System.Windows.Controls.Control.Background,None,False,True,,\#FFFFEDE4
ThetisCoreConf.g.en-US.resources:wndsettings.baml,Grid_2:System.Windows.FrameworkElement.Margin,None,False,True,,"5,10,5,10"
ThetisCoreConf.g.en-US.resources:wndsettings.baml,lstTargets:System.Windows.Controls.ListBox.$Content,ListBox,True,True,,
ThetisCoreConf.g.en-US.resources:wndsettings.baml,StackPanel_6:System.Windows.Controls.StackPanel.Orientation,None,False,True,,Vertical
ThetisCoreConf.g.en-US.resources:wndsettings.baml,StackPanel_6:System.Windows.Controls.Grid.Column,None,False,True,,1
ThetisCoreConf.g.en-US.resources:wndsettings.baml,btnTargetAdd:System.Windows.Controls.Button.$Content,Button,True,True,,Add
ThetisCoreConf.g.en-US.resources:wndsettings.baml,btnTargetAdd:System.Windows.FrameworkElement.Margin,None,False,True,,5
ThetisCoreConf.g.en-US.resources:wndsettings.baml,btnTargetAdd:System.Windows.FrameworkElement.MinWidth,None,False,True,,80
ThetisCoreConf.g.en-US.resources:wndsettings.baml,btnTargetAdd:System.Windows.FrameworkElement.MaxWidth,None,False,True,,80
ThetisCoreConf.g.en-US.resources:wndsettings.baml,btnTargetAdd:System.Windows.FrameworkElement.MinHeight,None,False,True,,25
ThetisCoreConf.g.en-US.resources:wndsettings.baml,btnTargetEdit:System.Windows.Controls.Button.$Content,Button,True,True,,Edit
ThetisCoreConf.g.en-US.resources:wndsettings.baml,btnTargetEdit:System.Windows.FrameworkElement.Margin,None,False,True,,5
ThetisCoreConf.g.en-US.resources:wndsettings.baml,btnTargetEdit:System.Windows.FrameworkElement.MinWidth,None,False,True,,80
ThetisCoreConf.g.en-US.resources:wndsettings.baml,btnTargetEdit:System.Windows.FrameworkElement.MaxWidth,None,False,True,,80
ThetisCoreConf.g.en-US.resources:wndsettings.baml,btnTargetEdit:System.Windows.FrameworkElement.MinHeight,None,False,True,,25
ThetisCoreConf.g.en-US.resources:wndsettings.baml,btnTargetDelete:System.Windows.Controls.Button.$Content,Button,True,True,,Delete
ThetisCoreConf.g.en-US.resources:wndsettings.baml,btnTargetDelete:System.Windows.FrameworkElement.Margin,None,False,True,,5
ThetisCoreConf.g.en-US.resources:wndsettings.baml,btnTargetDelete:System.Windows.FrameworkElement.MinWidth,None,False,True,,80
ThetisCoreConf.g.en-US.resources:wndsettings.baml,btnTargetDelete:System.Windows.FrameworkElement.MaxWidth,None,False,True,,80
ThetisCoreConf.g.en-US.resources:wndsettings.baml,btnTargetDelete:System.Windows.FrameworkElement.MinHeight,None,False,True,,25
ThetisCoreConf.g.en-US.resources:wndsettings.baml,TabItem_4:System.Windows.Controls.TabItem.$Content,Text,True,True,,#Grid_4;
ThetisCoreConf.g.en-US.resources:wndsettings.baml,TabItem_4:System.Windows.Controls.HeaderedContentControl.Header,Label,True,True,,Zeptair Dist.
ThetisCoreConf.g.en-US.resources:wndsettings.baml,TabItem_4:System.Windows.Controls.Control.Background,None,False,True,,\#FFFFEDE4
ThetisCoreConf.g.en-US.resources:wndsettings.baml,Grid_4:System.Windows.FrameworkElement.Margin,None,False,True,,"5,10,5,10"
ThetisCoreConf.g.en-US.resources:wndsettings.baml,lstZeptDists:System.Windows.Controls.ListBox.$Content,ListBox,True,True,,
ThetisCoreConf.g.en-US.resources:wndsettings.baml,StackPanel_11:System.Windows.Controls.StackPanel.Orientation,None,False,True,,Vertical
ThetisCoreConf.g.en-US.resources:wndsettings.baml,StackPanel_11:System.Windows.Controls.Grid.Column,None,False,True,,1
ThetisCoreConf.g.en-US.resources:wndsettings.baml,btnZeptDistAdd:System.Windows.Controls.Button.$Content,Button,True,True,,Add
ThetisCoreConf.g.en-US.resources:wndsettings.baml,btnZeptDistAdd:System.Windows.FrameworkElement.Margin,None,False,True,,5
ThetisCoreConf.g.en-US.resources:wndsettings.baml,btnZeptDistAdd:System.Windows.FrameworkElement.MinWidth,None,False,True,,80
ThetisCoreConf.g.en-US.resources:wndsettings.baml,btnZeptDistAdd:System.Windows.FrameworkElement.MaxWidth,None,False,True,,80
ThetisCoreConf.g.en-US.resources:wndsettings.baml,btnZeptDistAdd:System.Windows.FrameworkElement.MinHeight,None,False,True,,25
ThetisCoreConf.g.en-US.resources:wndsettings.baml,btnZeptDistEdit:System.Windows.Controls.Button.$Content,Button,True,True,,Edit
ThetisCoreConf.g.en-US.resources:wndsettings.baml,btnZeptDistEdit:System.Windows.FrameworkElement.Margin,None,False,True,,5
ThetisCoreConf.g.en-US.resources:wndsettings.baml,btnZeptDistEdit:System.Windows.FrameworkElement.MinWidth,None,False,True,,80
ThetisCoreConf.g.en-US.resources:wndsettings.baml,btnZeptDistEdit:System.Windows.FrameworkElement.MaxWidth,None,False,True,,80
ThetisCoreConf.g.en-US.resources:wndsettings.baml,btnZeptDistEdit:System.Windows.FrameworkElement.MinHeight,None,False,True,,25
ThetisCoreConf.g.en-US.resources:wndsettings.baml,btnZeptDistDelete:System.Windows.Controls.Button.$Content,Button,True,True,,Delete
ThetisCoreConf.g.en-US.resources:wndsettings.baml,btnZeptDistDelete:System.Windows.FrameworkElement.Margin,None,False,True,,5
ThetisCoreConf.g.en-US.resources:wndsettings.baml,btnZeptDistDelete:System.Windows.FrameworkElement.MinWidth,None,False,True,,80
ThetisCoreConf.g.en-US.resources:wndsettings.baml,btnZeptDistDelete:System.Windows.FrameworkElement.MaxWidth,None,False,True,,80
ThetisCoreConf.g.en-US.resources:wndsettings.baml,btnZeptDistDelete:System.Windows.FrameworkElement.MinHeight,None,False,True,,25
ThetisCoreConf.g.en-US.resources:wndsettings.baml,txbNeedLicKey:System.Windows.Controls.TextBox.$Content,Text,True,True,,
ThetisCoreConf.g.en-US.resources:wndsettings.baml,txbNeedLicKey:System.Windows.FrameworkElement.Height,None,False,True,,88
ThetisCoreConf.g.en-US.resources:wndsettings.baml,txbNeedLicKey:System.Windows.FrameworkElement.HorizontalAlignment,None,False,True,,Center
ThetisCoreConf.g.en-US.resources:wndsettings.baml,txbNeedLicKey:System.Windows.FrameworkElement.Margin,None,False,True,,0
ThetisCoreConf.g.en-US.resources:wndsettings.baml,txbNeedLicKey:System.Windows.FrameworkElement.VerticalAlignment,None,False,True,,Center
ThetisCoreConf.g.en-US.resources:wndsettings.baml,txbNeedLicKey:System.Windows.FrameworkElement.Width,None,False,True,,265
ThetisCoreConf.g.en-US.resources:wndsettings.baml,txbNeedLicKey:System.Windows.Controls.TextBox.TextWrapping,None,False,True,,Wrap
ThetisCoreConf.g.en-US.resources:wndsettings.baml,txbNeedLicKey:System.Windows.Controls.TextBox.Text,Text,True,True,,License-Key is required to activate this feature.
ThetisCoreConf.g.en-US.resources:wndsettings.baml,txbNeedLicKey:System.Windows.Controls.Primitives.TextBoxBase.IsReadOnly,None,False,True,,True
ThetisCoreConf.g.en-US.resources:wndsettings.baml,txbNeedLicKey:System.Windows.Controls.Control.IsTabStop,None,False,True,,False
ThetisCoreConf.g.en-US.resources:wndsettings.baml,txbNeedLicKey:System.Windows.Controls.Control.Padding,None,False,True,,10
ThetisCoreConf.g.en-US.resources:wndsettings.baml,txbNeedLicKey:System.Windows.Controls.Control.BorderBrush,None,False,True,,\#FFDC0808
ThetisCoreConf.g.en-US.resources:wndsettings.baml,txbNeedLicKey:System.Windows.Controls.Control.BorderThickness,None,False,True,,3
ThetisCoreConf.g.en-US.resources:wndsettings.baml,txbNeedLicKey:System.Windows.Controls.Grid.ColumnSpan,None,False,True,,2
ThetisCoreConf.g.en-US.resources:wndsettings.baml,txbNeedLicKey:System.Windows.Controls.Control.Background,None,False,True,,\#FFFFF8F8
ThetisCoreConf.g.en-US.resources:wndsettings.baml,TabItem_3:System.Windows.Controls.TabItem.$Content,Text,True,True,,#Grid_3;
ThetisCoreConf.g.en-US.resources:wndsettings.baml,TabItem_3:System.Windows.Controls.HeaderedContentControl.Header,Label,True,True,,Trash
ThetisCoreConf.g.en-US.resources:wndsettings.baml,TabItem_3:System.Windows.Controls.Control.Background,None,False,True,,\#FFFFEDE4
ThetisCoreConf.g.en-US.resources:wndsettings.baml,Grid_3:System.Windows.FrameworkElement.Margin,None,False,True,,"5,10,5,10"
ThetisCoreConf.g.en-US.resources:wndsettings.baml,trvTrash:System.Windows.Controls.TreeView.$Content,None,False,True,,
ThetisCoreConf.g.en-US.resources:wndsettings.baml,StackPanel_8:System.Windows.Controls.StackPanel.Orientation,None,False,True,,Horizontal
ThetisCoreConf.g.en-US.resources:wndsettings.baml,Image_1:System.Windows.Controls.Image.$Content,None,False,True,,
ThetisCoreConf.g.en-US.resources:wndsettings.baml,Image_1:System.Windows.Controls.Image.Source,None,False,True,,"pack://application:,,,/Resources/close_off.png"
ThetisCoreConf.g.en-US.resources:wndsettings.baml,Image_1:System.Windows.FrameworkElement.Margin,None,False,True,,"0,0,5,0"
ThetisCoreConf.g.en-US.resources:wndsettings.baml,TextBlock_1:System.Windows.Controls.TextBlock.$Content,Text,True,True,,
ThetisCoreConf.g.en-US.resources:wndsettings.baml,StackPanel_9:System.Windows.Controls.StackPanel.Orientation,None,False,True,,Vertical
ThetisCoreConf.g.en-US.resources:wndsettings.baml,StackPanel_9:System.Windows.Controls.Grid.Column,None,False,True,,1
ThetisCoreConf.g.en-US.resources:wndsettings.baml,btnTrashRestore:System.Windows.Controls.Button.$Content,Button,True,True,,Restore
ThetisCoreConf.g.en-US.resources:wndsettings.baml,btnTrashRestore:System.Windows.FrameworkElement.Margin,None,False,True,,5
ThetisCoreConf.g.en-US.resources:wndsettings.baml,btnTrashRestore:System.Windows.FrameworkElement.MinWidth,None,False,True,,80
ThetisCoreConf.g.en-US.resources:wndsettings.baml,btnTrashRestore:System.Windows.FrameworkElement.MaxWidth,None,False,True,,80
ThetisCoreConf.g.en-US.resources:wndsettings.baml,btnTrashRestore:System.Windows.FrameworkElement.MinHeight,None,False,True,,25
ThetisCoreConf.g.en-US.resources:wndsettings.baml,btnTrashDelete:System.Windows.Controls.Button.$Content,Button,True,True,,Delete
ThetisCoreConf.g.en-US.resources:wndsettings.baml,btnTrashDelete:System.Windows.FrameworkElement.Margin,None,False,True,,5
ThetisCoreConf.g.en-US.resources:wndsettings.baml,btnTrashDelete:System.Windows.FrameworkElement.MinWidth,None,False,True,,80
ThetisCoreConf.g.en-US.resources:wndsettings.baml,btnTrashDelete:System.Windows.FrameworkElement.MaxWidth,None,False,True,,80
ThetisCoreConf.g.en-US.resources:wndsettings.baml,btnTrashDelete:System.Windows.FrameworkElement.MinHeight,None,False,True,,25
ThetisCoreConf.g.en-US.resources:wndsettings.baml,StackPanel_10:System.Windows.Controls.StackPanel.Orientation,None,False,True,,Horizontal
ThetisCoreConf.g.en-US.resources:wndsettings.baml,StackPanel_10:System.Windows.Controls.Grid.Column,None,False,True,,1
ThetisCoreConf.g.en-US.resources:wndsettings.baml,StackPanel_10:System.Windows.Controls.Grid.Row,None,False,True,,2
ThetisCoreConf.g.en-US.resources:wndsettings.baml,StackPanel_10:System.Windows.FrameworkElement.Margin,None,False,True,,"0,20,0,8"
ThetisCoreConf.g.en-US.resources:wndsettings.baml,StackPanel_10:System.Windows.FrameworkElement.HorizontalAlignment,None,False,True,,Center
ThetisCoreConf.g.en-US.resources:wndsettings.baml,btnOK:System.Windows.Controls.Button.$Content,Button,True,True,,OK
ThetisCoreConf.g.en-US.resources:wndsettings.baml,btnOK:System.Windows.FrameworkElement.Margin,None,False,True,,5
ThetisCoreConf.g.en-US.resources:wndsettings.baml,btnOK:System.Windows.FrameworkElement.MinWidth,None,False,True,,80
ThetisCoreConf.g.en-US.resources:wndsettings.baml,btnCancel:System.Windows.Controls.Button.$Content,Button,True,True,,Cancel
ThetisCoreConf.g.en-US.resources:wndsettings.baml,btnCancel:System.Windows.FrameworkElement.Margin,None,False,True,,5
ThetisCoreConf.g.en-US.resources:wndsettings.baml,btnCancel:System.Windows.FrameworkElement.MinWidth,None,False,True,,80
ThetisCoreConf.g.en-US.resources:wndsettings.baml,btnApply:System.Windows.Controls.Button.$Content,Button,True,True,,Apply
ThetisCoreConf.g.en-US.resources:wndsettings.baml,btnApply:System.Windows.FrameworkElement.Margin,None,False,True,,5
ThetisCoreConf.g.en-US.resources:wndsettings.baml,btnApply:System.Windows.FrameworkElement.MinWidth,None,False,True,,80
ThetisCoreConf.g.en-US.resources:wndtarget.baml,Window_1:ThetisCore.Conf.WndTarget.$Content,None,True,True,,#StackPanel_1;
ThetisCoreConf.g.en-US.resources:wndtarget.baml,Window_1:System.Windows.Window.Language,None,True,True,,en-US
ThetisCoreConf.g.en-US.resources:wndtarget.baml,Window_1:System.Windows.Window.Title,Title,True,True,,ThetisCore
ThetisCoreConf.g.en-US.resources:wndtarget.baml,Window_1:System.Windows.FrameworkElement.Height,None,False,True,,371
ThetisCoreConf.g.en-US.resources:wndtarget.baml,Window_1:System.Windows.FrameworkElement.Width,None,False,True,,435
ThetisCoreConf.g.en-US.resources:wndtarget.baml,Window_1:System.Windows.Window.WindowStartupLocation,None,False,True,,CenterScreen
ThetisCoreConf.g.en-US.resources:wndtarget.baml,Window_1:System.Windows.Window.ShowInTaskbar,None,False,True,,False
ThetisCoreConf.g.en-US.resources:wndtarget.baml,Window_1:System.Windows.Window.ResizeMode,None,False,True,,NoResize
ThetisCoreConf.g.en-US.resources:wndtarget.baml,Window_1:System.Windows.Controls.Control.Background,None,False,True,,\#FFFFFFFF
ThetisCoreConf.g.en-US.resources:wndtarget.baml,Window_1:System.Windows.Window.WindowStyle,None,True,False,,ToolWindow
ThetisCoreConf.g.en-US.resources:wndtarget.baml,Window_1:System.Windows.Controls.Control.BorderThickness,None,False,True,,0
ThetisCoreConf.g.en-US.resources:wndtarget.baml,Window_1:System.Windows.Controls.Control.VerticalContentAlignment,None,False,True,,Center
ThetisCoreConf.g.en-US.resources:wndtarget.baml,StackPanel_1:System.Windows.FrameworkElement.Margin,None,False,True,,5
ThetisCoreConf.g.en-US.resources:wndtarget.baml,StackPanel_1:System.Windows.FrameworkElement.HorizontalAlignment,None,False,True,,Stretch
ThetisCoreConf.g.en-US.resources:wndtarget.baml,StackPanel_1:System.Windows.FrameworkElement.VerticalAlignment,None,False,True,,Center
ThetisCoreConf.g.en-US.resources:wndtarget.baml,StackPanel_1:System.Windows.FrameworkElement.Height,None,False,True,,334
ThetisCoreConf.g.en-US.resources:wndtarget.baml,StackPanel_1:System.Windows.FrameworkElement.Width,None,False,True,,402
ThetisCoreConf.g.en-US.resources:wndtarget.baml,tabTargets:System.Windows.Controls.TabControl.$Content,None,False,True,,#tbiTarget1;
ThetisCoreConf.g.en-US.resources:wndtarget.baml,tabTargets:System.Windows.Controls.Control.Background,None,False,True,,\#FFFFF6DD
ThetisCoreConf.g.en-US.resources:wndtarget.baml,tabTargets:System.Windows.FrameworkElement.Margin,None,False,True,,"5,5,5,5"
ThetisCoreConf.g.en-US.resources:wndtarget.baml,tabTargets:System.Windows.Controls.Control.HorizontalContentAlignment,None,False,True,,Stretch
ThetisCoreConf.g.en-US.resources:wndtarget.baml,tabTargets:System.Windows.FrameworkElement.Height,None,False,True,,270
ThetisCoreConf.g.en-US.resources:wndtarget.baml,tabTargets:System.Windows.FrameworkElement.Width,None,False,True,,385
ThetisCoreConf.g.en-US.resources:wndtarget.baml,tbiTarget1:System.Windows.Controls.TabItem.$Content,Text,True,True,,#grdParams;
ThetisCoreConf.g.en-US.resources:wndtarget.baml,tbiTarget1:System.Windows.Controls.Control.Background,None,False,True,,\#FFFFF6DD
ThetisCoreConf.g.en-US.resources:wndtarget.baml,tbiTarget1:System.Windows.Controls.HeaderedContentControl.Header,Label,True,True,,RSS Site
ThetisCoreConf.g.en-US.resources:wndtarget.baml,grdParams:System.Windows.FrameworkElement.Height,None,False,True,,193
ThetisCoreConf.g.en-US.resources:wndtarget.baml,grdParams:System.Windows.Controls.Panel.Background,None,False,True,,\#FFFFF6DD
ThetisCoreConf.g.en-US.resources:wndtarget.baml,grdParams:System.Windows.FrameworkElement.Width,None,False,True,,338
ThetisCoreConf.g.en-US.resources:wndtarget.baml,StackPanel_2:System.Windows.Controls.StackPanel.Orientation,None,False,True,,Horizontal
ThetisCoreConf.g.en-US.resources:wndtarget.baml,StackPanel_2:System.Windows.UIElement.IsEnabled,None,False,True,,True
ThetisCoreConf.g.en-US.resources:wndtarget.baml,TextBlock_1:System.Windows.Controls.TextBlock.$Content,Text,True,True,,Title :
ThetisCoreConf.g.en-US.resources:wndtarget.baml,TextBlock_1:System.Windows.FrameworkElement.Width,None,False,True,,110
ThetisCoreConf.g.en-US.resources:wndtarget.baml,TextBlock_1:System.Windows.FrameworkElement.Margin,None,False,True,,"5,3,5,0"
ThetisCoreConf.g.en-US.resources:wndtarget.baml,TextBlock_1:System.Windows.Controls.TextBlock.TextWrapping,None,False,True,,NoWrap
ThetisCoreConf.g.en-US.resources:wndtarget.baml,TextBlock_1:System.Windows.FrameworkElement.VerticalAlignment,None,False,True,,Center
ThetisCoreConf.g.en-US.resources:wndtarget.baml,TextBlock_1:System.Windows.FrameworkElement.Height,None,False,True,,18
ThetisCoreConf.g.en-US.resources:wndtarget.baml,tbxTitle:System.Windows.Controls.TextBox.$Content,Text,True,True,,
ThetisCoreConf.g.en-US.resources:wndtarget.baml,tbxTitle:System.Windows.FrameworkElement.Width,None,False,True,,200
ThetisCoreConf.g.en-US.resources:wndtarget.baml,tbxTitle:System.Windows.FrameworkElement.Margin,None,False,True,,"5,3,5,3"
ThetisCoreConf.g.en-US.resources:wndtarget.baml,tbxTitle:System.Windows.Controls.Control.BorderBrush,None,False,True,,\#FF483D8B
ThetisCoreConf.g.en-US.resources:wndtarget.baml,tbxTitle:System.Windows.FrameworkElement.VerticalAlignment,None,False,True,,Center
ThetisCoreConf.g.en-US.resources:wndtarget.baml,tbxTitle:System.Windows.FrameworkElement.Height,None,False,True,,22
ThetisCoreConf.g.en-US.resources:wndtarget.baml,StackPanel_3:System.Windows.Controls.StackPanel.Orientation,None,False,True,,Horizontal
ThetisCoreConf.g.en-US.resources:wndtarget.baml,TextBlock_2:System.Windows.Controls.TextBlock.$Content,Text,True,True,,RSS URL :
ThetisCoreConf.g.en-US.resources:wndtarget.baml,TextBlock_2:System.Windows.FrameworkElement.Width,None,False,True,,110
ThetisCoreConf.g.en-US.resources:wndtarget.baml,TextBlock_2:System.Windows.FrameworkElement.Margin,None,False,True,,"5,3,5,0"
ThetisCoreConf.g.en-US.resources:wndtarget.baml,TextBlock_2:System.Windows.Controls.TextBlock.TextWrapping,None,False,True,,NoWrap
ThetisCoreConf.g.en-US.resources:wndtarget.baml,TextBlock_2:System.Windows.FrameworkElement.VerticalAlignment,None,False,True,,Center
ThetisCoreConf.g.en-US.resources:wndtarget.baml,TextBlock_2:System.Windows.FrameworkElement.Height,None,False,True,,18
ThetisCoreConf.g.en-US.resources:wndtarget.baml,tbxUrl:System.Windows.Controls.TextBox.$Content,Text,True,True,,
ThetisCoreConf.g.en-US.resources:wndtarget.baml,tbxUrl:System.Windows.FrameworkElement.Width,None,False,True,,175
ThetisCoreConf.g.en-US.resources:wndtarget.baml,tbxUrl:System.Windows.FrameworkElement.Margin,None,False,True,,"5,3,5,3"
ThetisCoreConf.g.en-US.resources:wndtarget.baml,tbxUrl:System.Windows.Controls.Control.BorderBrush,None,False,True,,\#FF483D8B
ThetisCoreConf.g.en-US.resources:wndtarget.baml,tbxUrl:System.Windows.FrameworkElement.Height,None,False,True,,22
ThetisCoreConf.g.en-US.resources:wndtarget.baml,btnUrlTest:System.Windows.Controls.Button.$Content,Button,True,True,,
ThetisCoreConf.g.en-US.resources:wndtarget.baml,btnUrlTest:System.Windows.Controls.Grid.Row,None,False,True,,1
ThetisCoreConf.g.en-US.resources:wndtarget.baml,btnUrlTest:System.Windows.FrameworkElement.HorizontalAlignment,None,False,True,,Right
ThetisCoreConf.g.en-US.resources:wndtarget.baml,btnUrlTest:System.Windows.FrameworkElement.Width,None,False,True,,20.677
ThetisCoreConf.g.en-US.resources:wndtarget.baml,btnUrlTest:System.Windows.Controls.Control.Background,None,False,True,,\#00FFFFFF
ThetisCoreConf.g.en-US.resources:wndtarget.baml,btnUrlTest:System.Windows.FrameworkElement.OverridesDefaultStyle,None,False,True,,False
ThetisCoreConf.g.en-US.resources:wndtarget.baml,btnUrlTest:System.Windows.Controls.Control.BorderBrush,None,False,True,,\#00FFFFFF
ThetisCoreConf.g.en-US.resources:wndtarget.baml,btnUrlTest:System.Windows.UIElement.IsHitTestVisible,None,False,True,,True
ThetisCoreConf.g.en-US.resources:wndtarget.baml,btnUrlTest:System.Windows.UIElement.ClipToBounds,None,False,True,,True
ThetisCoreConf.g.en-US.resources:wndtarget.baml,btnUrlTest:System.Windows.UIElement.SnapsToDevicePixels,None,False,True,,False
ThetisCoreConf.g.en-US.resources:wndtarget.baml,btnUrlTest:System.Windows.FrameworkElement.Cursor,None,False,True,,Hand
ThetisCoreConf.g.en-US.resources:wndtarget.baml,btnUrlTest:System.Windows.FrameworkElement.Height,None,False,True,,21.212
ThetisCoreConf.g.en-US.resources:wndtarget.baml,btnUrlTest:System.Windows.FrameworkElement.VerticalAlignment,None,False,True,,Center
ThetisCoreConf.g.en-US.resources:wndtarget.baml,btnUrlTest:System.Windows.Controls.Grid.ColumnSpan,None,False,True,,2
ThetisCoreConf.g.en-US.resources:wndtarget.baml,ControlTemplate_1:System.Windows.Controls.ControlTemplate.$Content,None,False,True,,#imgArrow;
ThetisCoreConf.g.en-US.resources:wndtarget.baml,imgArrow:System.Windows.Controls.Image.$Content,None,False,True,,
ThetisCoreConf.g.en-US.resources:wndtarget.baml,imgArrow:System.Windows.FrameworkElement.Height,None,False,True,,20
ThetisCoreConf.g.en-US.resources:wndtarget.baml,imgArrow:System.Windows.FrameworkElement.HorizontalAlignment,None,False,True,,Left
ThetisCoreConf.g.en-US.resources:wndtarget.baml,imgArrow:System.Windows.FrameworkElement.Margin,None,False,True,,"0,0,0,2"
ThetisCoreConf.g.en-US.resources:wndtarget.baml,imgArrow:System.Windows.FrameworkElement.VerticalAlignment,None,False,True,,Bottom
ThetisCoreConf.g.en-US.resources:wndtarget.baml,imgArrow:System.Windows.FrameworkElement.Width,None,False,True,,21
ThetisCoreConf.g.en-US.resources:wndtarget.baml,imgArrow:System.Windows.Controls.Image.Source,None,False,True,,"pack://application:,,,/Resources/arrow_right_pink.gif"
ThetisCoreConf.g.en-US.resources:wndtarget.baml,Trigger_1:System.Windows.Trigger.$Content,None,False,True,,#Setter_1;
ThetisCoreConf.g.en-US.resources:wndtarget.baml,Trigger_1:System.Windows.Trigger.Property,None,False,False,,UIElement.IsMouseOver
ThetisCoreConf.g.en-US.resources:wndtarget.baml,Trigger_1:System.Windows.Trigger.Value,None,False,True,,True
ThetisCoreConf.g.en-US.resources:wndtarget.baml,Setter_1:System.Windows.Setter.Property,None,False,False,,Image.Source
ThetisCoreConf.g.en-US.resources:wndtarget.baml,Setter_1:System.Windows.Setter.Value,None,False,True,,"pack://application:,,,/Resources/arrow_right_lightpink.gif"
ThetisCoreConf.g.en-US.resources:wndtarget.baml,Trigger_2:System.Windows.Trigger.$Content,None,False,True,,#Setter_2;
ThetisCoreConf.g.en-US.resources:wndtarget.baml,Trigger_2:System.Windows.Trigger.Property,None,False,False,,ButtonBase.IsPressed
ThetisCoreConf.g.en-US.resources:wndtarget.baml,Trigger_2:System.Windows.Trigger.Value,None,False,True,,True
ThetisCoreConf.g.en-US.resources:wndtarget.baml,Setter_2:System.Windows.Setter.Property,None,False,False,,Image.Source
ThetisCoreConf.g.en-US.resources:wndtarget.baml,Setter_2:System.Windows.Setter.Value,None,False,True,,"pack://application:,,,/Resources/arrow_right_lightpink.gif"
ThetisCoreConf.g.en-US.resources:wndtarget.baml,StackPanel_4:System.Windows.Controls.Grid.Row,None,False,True,,2
ThetisCoreConf.g.en-US.resources:wndtarget.baml,StackPanel_4:System.Windows.Controls.Grid.ColumnSpan,None,False,True,,2
ThetisCoreConf.g.en-US.resources:wndtarget.baml,StackPanel_4:System.Windows.FrameworkElement.Margin,None,False,True,,"10,0,0,9"
ThetisCoreConf.g.en-US.resources:wndtarget.baml,chkAuth:System.Windows.Controls.CheckBox.$Content,CheckBox,True,True,,Authentication
ThetisCoreConf.g.en-US.resources:wndtarget.baml,chkAuth:System.Windows.FrameworkElement.HorizontalAlignment,None,False,True,,Left
ThetisCoreConf.g.en-US.resources:wndtarget.baml,chkAuth:System.Windows.FrameworkElement.Margin,None,False,True,,"5,9,21,5"
ThetisCoreConf.g.en-US.resources:wndtarget.baml,chkAuth:System.Windows.FrameworkElement.Width,None,False,True,,109
ThetisCoreConf.g.en-US.resources:wndtarget.baml,chkAuth:System.Windows.FrameworkElement.Height,None,False,True,,18
ThetisCoreConf.g.en-US.resources:wndtarget.baml,chkAuth:System.Windows.Controls.Control.Padding,None,False,True,,"3,0,0,0"
ThetisCoreConf.g.en-US.resources:wndtarget.baml,grdAuth:System.Windows.FrameworkElement.Height,None,False,True,,60
ThetisCoreConf.g.en-US.resources:wndtarget.baml,grdAuth:System.Windows.Controls.Panel.Background,None,False,True,,\#FFFFF6DD
ThetisCoreConf.g.en-US.resources:wndtarget.baml,grdAuth:System.Windows.FrameworkElement.Margin,None,False,True,,"20,0,10,0"
ThetisCoreConf.g.en-US.resources:wndtarget.baml,grdAuth:System.Windows.FrameworkElement.Width,None,False,True,,288
ThetisCoreConf.g.en-US.resources:wndtarget.baml,grdAuth:System.Windows.FrameworkElement.HorizontalAlignment,None,False,True,,Left
ThetisCoreConf.g.en-US.resources:wndtarget.baml,TextBlock_3:System.Windows.Controls.TextBlock.$Content,Text,True,True,,User Name :
ThetisCoreConf.g.en-US.resources:wndtarget.baml,TextBlock_3:System.Windows.FrameworkElement.Margin,None,False,True,,"5,6,5,6"
ThetisCoreConf.g.en-US.resources:wndtarget.baml,TextBlock_3:System.Windows.Controls.TextBlock.TextWrapping,None,False,True,,NoWrap
ThetisCoreConf.g.en-US.resources:wndtarget.baml,tbxUserName:System.Windows.Controls.TextBox.$Content,Text,True,True,,
ThetisCoreConf.g.en-US.resources:wndtarget.baml,tbxUserName:System.Windows.FrameworkElement.Width,None,False,True,,150
ThetisCoreConf.g.en-US.resources:wndtarget.baml,tbxUserName:System.Windows.Controls.Grid.Column,None,False,True,,1
ThetisCoreConf.g.en-US.resources:wndtarget.baml,tbxUserName:System.Windows.FrameworkElement.Margin,None,False,True,,"5,3,5,3"
ThetisCoreConf.g.en-US.resources:wndtarget.baml,tbxUserName:System.Windows.Controls.Control.BorderBrush,None,False,True,,\#FF483D8B
ThetisCoreConf.g.en-US.resources:wndtarget.baml,tbxUserName:System.Windows.FrameworkElement.Height,None,False,True,,22
ThetisCoreConf.g.en-US.resources:wndtarget.baml,TextBlock_4:System.Windows.Controls.TextBlock.$Content,Text,True,True,,Password :
ThetisCoreConf.g.en-US.resources:wndtarget.baml,TextBlock_4:System.Windows.Controls.Grid.Row,None,False,True,,1
ThetisCoreConf.g.en-US.resources:wndtarget.baml,TextBlock_4:System.Windows.FrameworkElement.Margin,None,False,True,,"5,6,5,6"
ThetisCoreConf.g.en-US.resources:wndtarget.baml,TextBlock_4:System.Windows.Controls.TextBlock.TextWrapping,None,False,True,,NoWrap
ThetisCoreConf.g.en-US.resources:wndtarget.baml,tbxPassword:System.Windows.Controls.PasswordBox.$Content,Text,True,True,,
ThetisCoreConf.g.en-US.resources:wndtarget.baml,tbxPassword:System.Windows.FrameworkElement.Width,None,False,True,,150
ThetisCoreConf.g.en-US.resources:wndtarget.baml,tbxPassword:System.Windows.Controls.Grid.Column,None,False,True,,1
ThetisCoreConf.g.en-US.resources:wndtarget.baml,tbxPassword:System.Windows.Controls.Grid.Row,None,False,True,,1
ThetisCoreConf.g.en-US.resources:wndtarget.baml,tbxPassword:System.Windows.FrameworkElement.Margin,None,False,True,,"5,3,5,3"
ThetisCoreConf.g.en-US.resources:wndtarget.baml,tbxPassword:System.Windows.Controls.Control.BorderBrush,None,False,True,,\#FF483D8B
ThetisCoreConf.g.en-US.resources:wndtarget.baml,tbxPassword:System.Windows.FrameworkElement.Height,None,False,True,,22
ThetisCoreConf.g.en-US.resources:wndtarget.baml,StackPanel_5:System.Windows.Controls.StackPanel.Orientation,None,False,True,,Horizontal
ThetisCoreConf.g.en-US.resources:wndtarget.baml,TextBlock_5:System.Windows.Controls.TextBlock.$Content,Text,True,True,,Polling Interval (min.) :
ThetisCoreConf.g.en-US.resources:wndtarget.baml,TextBlock_5:System.Windows.FrameworkElement.Width,None,False,True,,135
ThetisCoreConf.g.en-US.resources:wndtarget.baml,TextBlock_5:System.Windows.FrameworkElement.Margin,None,False,True,,"5,3,5,0"
ThetisCoreConf.g.en-US.resources:wndtarget.baml,TextBlock_5:System.Windows.Controls.TextBlock.TextWrapping,None,False,True,,NoWrap
ThetisCoreConf.g.en-US.resources:wndtarget.baml,TextBlock_5:System.Windows.FrameworkElement.VerticalAlignment,None,False,True,,Center
ThetisCoreConf.g.en-US.resources:wndtarget.baml,TextBlock_5:System.Windows.FrameworkElement.Height,None,False,True,,18
ThetisCoreConf.g.en-US.resources:wndtarget.baml,tbxInterval:System.Windows.Controls.TextBox.$Content,Text,True,True,,
ThetisCoreConf.g.en-US.resources:wndtarget.baml,tbxInterval:System.Windows.FrameworkElement.Margin,None,False,True,,"5,0,5,0"
ThetisCoreConf.g.en-US.resources:wndtarget.baml,tbxInterval:System.Windows.FrameworkElement.VerticalAlignment,None,False,True,,Center
ThetisCoreConf.g.en-US.resources:wndtarget.baml,tbxInterval:System.Windows.Controls.Control.BorderBrush,None,False,True,,\#FF483D8B
ThetisCoreConf.g.en-US.resources:wndtarget.baml,tbxInterval:System.Windows.FrameworkElement.HorizontalAlignment,None,False,True,,Left
ThetisCoreConf.g.en-US.resources:wndtarget.baml,tbxInterval:System.Windows.FrameworkElement.Width,None,False,True,,55
ThetisCoreConf.g.en-US.resources:wndtarget.baml,tbxInterval:System.Windows.FrameworkElement.Height,None,False,True,,22
ThetisCoreConf.g.en-US.resources:wndtarget.baml,scbInterval:System.Windows.FrameworkElement.Height,None,False,True,,20
ThetisCoreConf.g.en-US.resources:wndtarget.baml,scbInterval:System.Windows.FrameworkElement.Width,None,False,True,,18
ThetisCoreConf.g.en-US.resources:wndtarget.baml,scbInterval:System.Windows.Controls.Primitives.RangeBase.LargeChange,None,False,True,,1
ThetisCoreConf.g.en-US.resources:wndtarget.baml,scbInterval:System.Windows.Controls.Primitives.RangeBase.Maximum,None,False,True,,65535
ThetisCoreConf.g.en-US.resources:wndtarget.baml,scbInterval:System.Windows.Controls.Primitives.RangeBase.Minimum,None,False,True,,1
ThetisCoreConf.g.en-US.resources:wndtarget.baml,scbInterval:System.Windows.Controls.Primitives.RangeBase.SmallChange,None,False,True,,1
ThetisCoreConf.g.en-US.resources:wndtarget.baml,scbInterval:System.Windows.FrameworkElement.FlowDirection,None,True,True,,RightToLeft
ThetisCoreConf.g.en-US.resources:wndtarget.baml,StackPanel_6:System.Windows.Controls.StackPanel.Orientation,None,False,True,,Horizontal
ThetisCoreConf.g.en-US.resources:wndtarget.baml,StackPanel_6:System.Windows.FrameworkElement.Margin,None,False,True,,"5,5,5,0"
ThetisCoreConf.g.en-US.resources:wndtarget.baml,StackPanel_6:System.Windows.FrameworkElement.HorizontalAlignment,None,False,True,,Center
ThetisCoreConf.g.en-US.resources:wndtarget.baml,StackPanel_6:System.Windows.FrameworkElement.Height,None,False,True,,33
ThetisCoreConf.g.en-US.resources:wndtarget.baml,StackPanel_6:System.Windows.FrameworkElement.Width,None,False,True,,177
ThetisCoreConf.g.en-US.resources:wndtarget.baml,Button_1:System.Windows.Controls.Button.$Content,Button,True,True,,OK
ThetisCoreConf.g.en-US.resources:wndtarget.baml,Button_1:System.Windows.FrameworkElement.Margin,None,False,True,,5
ThetisCoreConf.g.en-US.resources:wndtarget.baml,Button_1:System.Windows.FrameworkElement.MinWidth,None,False,True,,80
ThetisCoreConf.g.en-US.resources:wndtarget.baml,Button_1:System.Windows.Controls.Button.IsDefault,None,False,True,,True
ThetisCoreConf.g.en-US.resources:wndtarget.baml,Button_2:System.Windows.Controls.Button.$Content,Button,True,True,,Cancel
ThetisCoreConf.g.en-US.resources:wndtarget.baml,Button_2:System.Windows.FrameworkElement.Margin,None,False,True,,5
ThetisCoreConf.g.en-US.resources:wndtarget.baml,Button_2:System.Windows.FrameworkElement.MinWidth,None,False,True,,80
ThetisCoreConf.g.en-US.resources:wndtarget.baml,Button_2:System.Windows.Controls.Button.IsCancel,None,False,True,,True
ThetisCoreConf.g.en-US.resources:wndprogress.baml,Window_1:ThetisCore.Conf.WndProgress.$Content,None,True,True,,#Grid_1;
ThetisCoreConf.g.en-US.resources:wndprogress.baml,Window_1:System.Windows.Window.Title,Title,True,True,,
ThetisCoreConf.g.en-US.resources:wndprogress.baml,Window_1:System.Windows.FrameworkElement.Height,None,False,True,,95
ThetisCoreConf.g.en-US.resources:wndprogress.baml,Window_1:System.Windows.FrameworkElement.Width,None,False,True,,295
ThetisCoreConf.g.en-US.resources:wndprogress.baml,Window_1:System.Windows.Window.ResizeMode,None,False,True,,NoResize
ThetisCoreConf.g.en-US.resources:wndprogress.baml,Window_1:System.Windows.Window.Topmost,None,False,True,,True
ThetisCoreConf.g.en-US.resources:wndprogress.baml,Window_1:System.Windows.Window.WindowStartupLocation,None,False,True,,CenterOwner
ThetisCoreConf.g.en-US.resources:wndprogress.baml,Window_1:System.Windows.Window.ShowInTaskbar,None,False,True,,False
ThetisCoreConf.g.en-US.resources:wndprogress.baml,Window_1:System.Windows.Window.WindowStyle,None,True,False,,None
ThetisCoreConf.g.en-US.resources:wndprogress.baml,Window_1:System.Windows.Controls.Control.Background,None,False,True,,\#00FFFFFF
ThetisCoreConf.g.en-US.resources:wndprogress.baml,Window_1:System.Windows.Window.AllowsTransparency,None,False,True,,True
ThetisCoreConf.g.en-US.resources:wndprogress.baml,Grid_1:System.Windows.Controls.Panel.Background,None,False,True,,\#FF7FFFD4
ThetisCoreConf.g.en-US.resources:wndprogress.baml,Grid_1:System.Windows.Controls.Grid.ShowGridLines,None,False,True,,False
ThetisCoreConf.g.en-US.resources:wndprogress.baml,Grid_1:System.Windows.FrameworkElement.Height,None,False,True,,55
ThetisCoreConf.g.en-US.resources:wndprogress.baml,Grid_1:System.Windows.FrameworkElement.Width,None,False,True,,272
ThetisCoreConf.g.en-US.resources:wndprogress.baml,lblStatus:System.Windows.Controls.Label.$Content,Label,True,True,,
ThetisCoreConf.g.en-US.resources:wndprogress.baml,lblStatus:System.Windows.FrameworkElement.Margin,None,False,True,,"17,14,13,17"
ThetisCoreConf.g.en-US.resources:wndconfirm.baml,Window_1:ThetisCore.Conf.WndConfirm.$Content,None,True,True,,#Grid_1;
ThetisCoreConf.g.en-US.resources:wndconfirm.baml,Window_1:System.Windows.Window.Title,Title,True,True,,ThetisCore
ThetisCoreConf.g.en-US.resources:wndconfirm.baml,Window_1:System.Windows.FrameworkElement.Height,None,False,True,,248
ThetisCoreConf.g.en-US.resources:wndconfirm.baml,Window_1:System.Windows.FrameworkElement.Width,None,False,True,,349
ThetisCoreConf.g.en-US.resources:wndconfirm.baml,Window_1:System.Windows.Window.ShowInTaskbar,None,False,True,,False
ThetisCoreConf.g.en-US.resources:wndconfirm.baml,Window_1:System.Windows.Window.ResizeMode,None,False,True,,NoResize
ThetisCoreConf.g.en-US.resources:wndconfirm.baml,Window_1:System.Windows.Window.Topmost,None,False,True,,True
ThetisCoreConf.g.en-US.resources:wndconfirm.baml,Window_1:System.Windows.Window.WindowStartupLocation,None,False,True,,CenterOwner
ThetisCoreConf.g.en-US.resources:wndconfirm.baml,label1:System.Windows.Controls.Label.$Content,Label,True,True,,Connection Result : OK
ThetisCoreConf.g.en-US.resources:wndconfirm.baml,label1:System.Windows.FrameworkElement.Height,None,False,True,,39
ThetisCoreConf.g.en-US.resources:wndconfirm.baml,label1:System.Windows.FrameworkElement.Margin,None,False,True,,"27,19,66,0"
ThetisCoreConf.g.en-US.resources:wndconfirm.baml,label1:System.Windows.FrameworkElement.VerticalAlignment,None,False,True,,Top
ThetisCoreConf.g.en-US.resources:wndconfirm.baml,label1:System.Windows.Controls.Control.FontSize,None,True,True,,18
ThetisCoreConf.g.en-US.resources:wndconfirm.baml,label2:System.Windows.Controls.Label.$Content,Label,True,True,,Adopt the following words as title?
ThetisCoreConf.g.en-US.resources:wndconfirm.baml,label2:System.Windows.FrameworkElement.Margin,None,False,True,,"19,69,55,0"
ThetisCoreConf.g.en-US.resources:wndconfirm.baml,label2:System.Windows.FrameworkElement.Height,None,False,True,,27
ThetisCoreConf.g.en-US.resources:wndconfirm.baml,label2:System.Windows.FrameworkElement.VerticalAlignment,None,False,True,,Top
ThetisCoreConf.g.en-US.resources:wndconfirm.baml,tbxTitle:System.Windows.Controls.TextBox.$Content,Text,True,True,,
ThetisCoreConf.g.en-US.resources:wndconfirm.baml,tbxTitle:System.Windows.FrameworkElement.Margin,None,False,True,,"19,98,15,90"
ThetisCoreConf.g.en-US.resources:wndconfirm.baml,tbxTitle:System.Windows.FrameworkElement.Height,None,False,True,,22
ThetisCoreConf.g.en-US.resources:wndconfirm.baml,stackPanel1:System.Windows.FrameworkElement.Height,None,False,True,,40
ThetisCoreConf.g.en-US.resources:wndconfirm.baml,stackPanel1:System.Windows.FrameworkElement.Margin,None,False,True,,"42,0,41,17"
ThetisCoreConf.g.en-US.resources:wndconfirm.baml,stackPanel1:System.Windows.FrameworkElement.VerticalAlignment,None,False,True,,Bottom
ThetisCoreConf.g.en-US.resources:wndconfirm.baml,stackPanel1:System.Windows.Controls.StackPanel.Orientation,None,False,True,,Horizontal
ThetisCoreConf.g.en-US.resources:wndconfirm.baml,stackPanel1:System.Windows.FrameworkElement.HorizontalAlignment,None,False,True,,Center
ThetisCoreConf.g.en-US.resources:wndconfirm.baml,btnYes:System.Windows.Controls.Button.$Content,Button,True,True,,Yes
ThetisCoreConf.g.en-US.resources:wndconfirm.baml,btnYes:System.Windows.FrameworkElement.Height,None,False,True,,27
ThetisCoreConf.g.en-US.resources:wndconfirm.baml,btnYes:System.Windows.FrameworkElement.Margin,None,False,True,,"5,0,5,0"
ThetisCoreConf.g.en-US.resources:wndconfirm.baml,btnYes:System.Windows.FrameworkElement.HorizontalAlignment,None,False,True,,Left
ThetisCoreConf.g.en-US.resources:wndconfirm.baml,btnYes:System.Windows.FrameworkElement.Width,None,False,True,,80
ThetisCoreConf.g.en-US.resources:wndconfirm.baml,btnYes:System.Windows.FrameworkElement.MaxWidth,None,False,True,,80
ThetisCoreConf.g.en-US.resources:wndconfirm.baml,btnYes:System.Windows.Controls.Button.IsDefault,None,False,True,,True
ThetisCoreConf.g.en-US.resources:wndconfirm.baml,btnNo:System.Windows.Controls.Button.$Content,Button,True,True,,No
ThetisCoreConf.g.en-US.resources:wndconfirm.baml,btnNo:System.Windows.FrameworkElement.Height,None,False,True,,27
ThetisCoreConf.g.en-US.resources:wndconfirm.baml,btnNo:System.Windows.FrameworkElement.Margin,None,False,True,,"5,0,5,0"
ThetisCoreConf.g.en-US.resources:wndconfirm.baml,btnNo:System.Windows.FrameworkElement.HorizontalAlignment,None,False,True,,Left
ThetisCoreConf.g.en-US.resources:wndconfirm.baml,btnNo:System.Windows.FrameworkElement.Width,None,False,True,,80
ThetisCoreConf.g.en-US.resources:wndconfirm.baml,btnNo:System.Windows.FrameworkElement.MaxWidth,None,False,True,,80
ThetisCoreConf.g.en-US.resources:wndconfirm.baml,btnNo:System.Windows.Controls.Button.IsCancel,None,False,True,,True
