ZeptairClientConf.g.en-US.resources:wndmain.baml,Window_1:Zeptair.ClientConf.WndMain.$Content,None,True,True,,#Grid_1;
ZeptairClientConf.g.en-US.resources:wndmain.baml,Window_1:System.Windows.Window.Title,Title,True,True,,Zeptair VPN Settings
ZeptairClientConf.g.en-US.resources:wndmain.baml,Window_1:System.Windows.FrameworkElement.Height,None,False,True,,442
ZeptairClientConf.g.en-US.resources:wndmain.baml,Window_1:System.Windows.FrameworkElement.Width,None,False,True,,532
ZeptairClientConf.g.en-US.resources:wndmain.baml,Window_1:System.Windows.Window.WindowStartupLocation,None,False,True,,CenterScreen
ZeptairClientConf.g.en-US.resources:wndmain.baml,Window_1:System.Windows.Controls.Control.Background,None,False,True,,\#FFAEC1FF
ZeptairClientConf.g.en-US.resources:wndmain.baml,Grid_1:System.Windows.FrameworkElement.Margin,None,False,True,,5
ZeptairClientConf.g.en-US.resources:wndmain.baml,Grid_1:System.Windows.FrameworkElement.HorizontalAlignment,None,False,True,,Stretch
ZeptairClientConf.g.en-US.resources:wndmain.baml,Grid_1:System.Windows.FrameworkElement.VerticalAlignment,None,False,True,,Stretch
ZeptairClientConf.g.en-US.resources:wndmain.baml,TabControl_1:System.Windows.Controls.TabControl.$Content,None,False,True,,#TabItem_1;#TabItem_2;#TabItem_3;#TabItem_4;
ZeptairClientConf.g.en-US.resources:wndmain.baml,TabControl_1:System.Windows.Controls.Control.HorizontalContentAlignment,None,False,True,,Stretch
ZeptairClientConf.g.en-US.resources:wndmain.baml,TabControl_1:System.Windows.Controls.Control.Padding,None,False,True,,5
ZeptairClientConf.g.en-US.resources:wndmain.baml,TabControl_1:System.Windows.Controls.Grid.ColumnSpan,None,False,True,,3
ZeptairClientConf.g.en-US.resources:wndmain.baml,TabControl_1:System.Windows.Controls.Grid.RowSpan,None,False,True,,4
ZeptairClientConf.g.en-US.resources:wndmain.baml,TabControl_1:System.Windows.FrameworkElement.Margin,None,False,True,,"8,6.362,8,56"
ZeptairClientConf.g.en-US.resources:wndmain.baml,TabControl_1:System.Windows.Controls.Control.Background,None,False,True,,\#FFECF0FF
ZeptairClientConf.g.en-US.resources:wndmain.baml,TabItem_1:System.Windows.Controls.TabItem.$Content,Text,True,True,,#Grid_2;
ZeptairClientConf.g.en-US.resources:wndmain.baml,TabItem_1:System.Windows.Controls.HeaderedContentControl.Header,Label,True,True,,License-Key
ZeptairClientConf.g.en-US.resources:wndmain.baml,TabItem_1:System.Windows.Controls.TabItem.IsSelected,None,False,True,,True
ZeptairClientConf.g.en-US.resources:wndmain.baml,TabItem_1:System.Windows.Controls.Control.Background,None,False,True,,\#FFECF0FF
ZeptairClientConf.g.en-US.resources:wndmain.baml,Grid_2:System.Windows.FrameworkElement.Margin,None,False,True,,"20,10"
ZeptairClientConf.g.en-US.resources:wndmain.baml,TextBlock_1:System.Windows.Controls.TextBlock.$Content,Text,True,True,,License-Key :
ZeptairClientConf.g.en-US.resources:wndmain.baml,TextBlock_1:System.Windows.FrameworkElement.Width,None,False,True,,110
ZeptairClientConf.g.en-US.resources:wndmain.baml,TextBlock_1:System.Windows.FrameworkElement.Margin,None,False,True,,"5,6,5,6"
ZeptairClientConf.g.en-US.resources:wndmain.baml,TextBlock_1:System.Windows.Controls.TextBlock.TextWrapping,None,False,True,,NoWrap
ZeptairClientConf.g.en-US.resources:wndmain.baml,TextBlock_1:System.Windows.FrameworkElement.HorizontalAlignment,None,False,True,,Left
ZeptairClientConf.g.en-US.resources:wndmain.baml,TextBlock_1:System.Windows.FrameworkElement.VerticalAlignment,None,False,True,,Center
ZeptairClientConf.g.en-US.resources:wndmain.baml,TextBlock_1:System.Windows.FrameworkElement.Height,None,False,True,,18
ZeptairClientConf.g.en-US.resources:wndmain.baml,stpLicKeyEdit:System.Windows.UIElement.Visibility,None,False,True,,Hidden
ZeptairClientConf.g.en-US.resources:wndmain.baml,stpLicKeyEdit:System.Windows.Controls.Grid.Column,None,False,True,,1
ZeptairClientConf.g.en-US.resources:wndmain.baml,stpLicKeyEdit:System.Windows.Controls.StackPanel.Orientation,None,False,True,,Horizontal
ZeptairClientConf.g.en-US.resources:wndmain.baml,tbxLicKey1:System.Windows.Controls.TextBox.$Content,Text,True,True,,
ZeptairClientConf.g.en-US.resources:wndmain.baml,tbxLicKey1:System.Windows.FrameworkElement.Width,None,False,True,,60
ZeptairClientConf.g.en-US.resources:wndmain.baml,tbxLicKey1:System.Windows.FrameworkElement.Margin,None,False,True,,"2,3,2,3"
ZeptairClientConf.g.en-US.resources:wndmain.baml,tbxLicKey1:System.Windows.FrameworkElement.HorizontalAlignment,None,False,True,,Left
ZeptairClientConf.g.en-US.resources:wndmain.baml,tbxLicKey1:System.Windows.Controls.Control.BorderBrush,None,False,True,,\#FF483D8B
ZeptairClientConf.g.en-US.resources:wndmain.baml,tbxLicKey1:System.Windows.FrameworkElement.Height,None,False,True,,22
ZeptairClientConf.g.en-US.resources:wndmain.baml,Label_1:System.Windows.Controls.Label.$Content,Label,True,True,,-
ZeptairClientConf.g.en-US.resources:wndmain.baml,Label_1:System.Windows.FrameworkElement.VerticalAlignment,None,False,True,,Center
ZeptairClientConf.g.en-US.resources:wndmain.baml,tbxLicKey2:System.Windows.Controls.TextBox.$Content,Text,True,True,,
ZeptairClientConf.g.en-US.resources:wndmain.baml,tbxLicKey2:System.Windows.FrameworkElement.Width,None,False,True,,110
ZeptairClientConf.g.en-US.resources:wndmain.baml,tbxLicKey2:System.Windows.FrameworkElement.Margin,None,False,True,,"2,3,2,3"
ZeptairClientConf.g.en-US.resources:wndmain.baml,tbxLicKey2:System.Windows.FrameworkElement.HorizontalAlignment,None,False,True,,Left
ZeptairClientConf.g.en-US.resources:wndmain.baml,tbxLicKey2:System.Windows.Controls.Control.BorderBrush,None,False,True,,\#FF483D8B
ZeptairClientConf.g.en-US.resources:wndmain.baml,tbxLicKey2:System.Windows.FrameworkElement.Height,None,False,True,,22
ZeptairClientConf.g.en-US.resources:wndmain.baml,Label_2:System.Windows.Controls.Label.$Content,Label,True,True,,-
ZeptairClientConf.g.en-US.resources:wndmain.baml,Label_2:System.Windows.FrameworkElement.VerticalAlignment,None,False,True,,Center
ZeptairClientConf.g.en-US.resources:wndmain.baml,tbxLicKey3:System.Windows.Controls.TextBox.$Content,Text,True,True,,
ZeptairClientConf.g.en-US.resources:wndmain.baml,tbxLicKey3:System.Windows.FrameworkElement.Width,None,False,True,,60
ZeptairClientConf.g.en-US.resources:wndmain.baml,tbxLicKey3:System.Windows.FrameworkElement.Margin,None,False,True,,"2,3,5,3"
ZeptairClientConf.g.en-US.resources:wndmain.baml,tbxLicKey3:System.Windows.FrameworkElement.HorizontalAlignment,None,False,True,,Left
ZeptairClientConf.g.en-US.resources:wndmain.baml,tbxLicKey3:System.Windows.Controls.Control.BorderBrush,None,False,True,,\#FF483D8B
ZeptairClientConf.g.en-US.resources:wndmain.baml,tbxLicKey3:System.Windows.FrameworkElement.Height,None,False,True,,22
ZeptairClientConf.g.en-US.resources:wndmain.baml,stpLicKeyDisp:System.Windows.Controls.Grid.Column,None,False,True,,1
ZeptairClientConf.g.en-US.resources:wndmain.baml,stpLicKeyDisp:System.Windows.Controls.StackPanel.Orientation,None,False,True,,Horizontal
ZeptairClientConf.g.en-US.resources:wndmain.baml,lblLicKeyDisp:System.Windows.Controls.Label.$Content,Label,True,True,,(Not Specified)
ZeptairClientConf.g.en-US.resources:wndmain.baml,lblLicKeyDisp:System.Windows.FrameworkElement.VerticalAlignment,None,False,True,,Center
ZeptairClientConf.g.en-US.resources:wndmain.baml,btnLicKeyEdit:System.Windows.Controls.Button.$Content,Button,True,True,,Edit
ZeptairClientConf.g.en-US.resources:wndmain.baml,btnLicKeyEdit:System.Windows.FrameworkElement.MinWidth,None,False,True,,50
ZeptairClientConf.g.en-US.resources:wndmain.baml,btnLicKeyEdit:System.Windows.FrameworkElement.Height,None,False,True,,24
ZeptairClientConf.g.en-US.resources:wndmain.baml,btnLicKeyEdit:System.Windows.FrameworkElement.Margin,None,False,True,,"10,0,0,0"
ZeptairClientConf.g.en-US.resources:wndmain.baml,TabItem_2:System.Windows.Controls.TabItem.$Content,Text,True,True,,#Grid_4;
ZeptairClientConf.g.en-US.resources:wndmain.baml,TabItem_2:System.Windows.Controls.HeaderedContentControl.Header,Label,True,True,,VPN Server
ZeptairClientConf.g.en-US.resources:wndmain.baml,TabItem_2:System.Windows.Controls.Control.Background,None,False,True,,\#FFECF0FF
ZeptairClientConf.g.en-US.resources:wndmain.baml,Grid_4:System.Windows.FrameworkElement.Margin,None,False,True,,"20,10"
ZeptairClientConf.g.en-US.resources:wndmain.baml,TextBlock_2:System.Windows.Controls.TextBlock.$Content,Text,True,True,,Server Address :
ZeptairClientConf.g.en-US.resources:wndmain.baml,TextBlock_2:System.Windows.FrameworkElement.Width,None,False,True,,110
ZeptairClientConf.g.en-US.resources:wndmain.baml,TextBlock_2:System.Windows.FrameworkElement.Margin,None,False,True,,"5,6,5,6"
ZeptairClientConf.g.en-US.resources:wndmain.baml,TextBlock_2:System.Windows.Controls.TextBlock.TextWrapping,None,False,True,,NoWrap
ZeptairClientConf.g.en-US.resources:wndmain.baml,TextBlock_2:System.Windows.FrameworkElement.HorizontalAlignment,None,False,True,,Left
ZeptairClientConf.g.en-US.resources:wndmain.baml,TextBlock_2:System.Windows.FrameworkElement.VerticalAlignment,None,False,True,,Center
ZeptairClientConf.g.en-US.resources:wndmain.baml,TextBlock_2:System.Windows.FrameworkElement.Height,None,False,True,,18
ZeptairClientConf.g.en-US.resources:wndmain.baml,tbxServerAddress:System.Windows.Controls.TextBox.$Content,Text,True,True,,
ZeptairClientConf.g.en-US.resources:wndmain.baml,tbxServerAddress:System.Windows.Controls.Grid.Column,None,False,True,,1
ZeptairClientConf.g.en-US.resources:wndmain.baml,tbxServerAddress:System.Windows.FrameworkElement.Width,None,False,True,,175
ZeptairClientConf.g.en-US.resources:wndmain.baml,tbxServerAddress:System.Windows.FrameworkElement.Margin,None,False,True,,"5,3,5,3"
ZeptairClientConf.g.en-US.resources:wndmain.baml,tbxServerAddress:System.Windows.FrameworkElement.HorizontalAlignment,None,False,True,,Left
ZeptairClientConf.g.en-US.resources:wndmain.baml,tbxServerAddress:System.Windows.Controls.Control.BorderBrush,None,False,True,,\#FF483D8B
ZeptairClientConf.g.en-US.resources:wndmain.baml,tbxServerAddress:System.Windows.FrameworkElement.Height,None,False,True,,22
ZeptairClientConf.g.en-US.resources:wndmain.baml,TextBlock_3:System.Windows.Controls.TextBlock.$Content,Text,True,True,,Server Port number :
ZeptairClientConf.g.en-US.resources:wndmain.baml,TextBlock_3:System.Windows.Controls.Grid.Row,None,False,True,,1
ZeptairClientConf.g.en-US.resources:wndmain.baml,TextBlock_3:System.Windows.Controls.Grid.Column,None,False,True,,0
ZeptairClientConf.g.en-US.resources:wndmain.baml,TextBlock_3:System.Windows.FrameworkElement.Margin,None,False,True,,"5,6,5,6"
ZeptairClientConf.g.en-US.resources:wndmain.baml,TextBlock_3:System.Windows.FrameworkElement.HorizontalAlignment,None,False,True,,Left
ZeptairClientConf.g.en-US.resources:wndmain.baml,TextBlock_3:System.Windows.Controls.TextBlock.TextWrapping,None,False,True,,NoWrap
ZeptairClientConf.g.en-US.resources:wndmain.baml,TextBlock_3:System.Windows.FrameworkElement.VerticalAlignment,None,False,True,,Center
ZeptairClientConf.g.en-US.resources:wndmain.baml,TextBlock_3:System.Windows.FrameworkElement.Height,None,False,True,,18
ZeptairClientConf.g.en-US.resources:wndmain.baml,tbxServerPort:System.Windows.Controls.TextBox.$Content,Text,True,True,,
ZeptairClientConf.g.en-US.resources:wndmain.baml,tbxServerPort:System.Windows.Controls.Grid.Row,None,False,True,,1
ZeptairClientConf.g.en-US.resources:wndmain.baml,tbxServerPort:System.Windows.Controls.Grid.Column,None,False,True,,1
ZeptairClientConf.g.en-US.resources:wndmain.baml,tbxServerPort:System.Windows.FrameworkElement.Width,None,False,True,,80
ZeptairClientConf.g.en-US.resources:wndmain.baml,tbxServerPort:System.Windows.FrameworkElement.Margin,None,False,True,,"5,3,5,3"
ZeptairClientConf.g.en-US.resources:wndmain.baml,tbxServerPort:System.Windows.FrameworkElement.HorizontalAlignment,None,False,True,,Left
ZeptairClientConf.g.en-US.resources:wndmain.baml,tbxServerPort:System.Windows.Controls.Control.BorderBrush,None,False,True,,\#FF483D8B
ZeptairClientConf.g.en-US.resources:wndmain.baml,tbxServerPort:System.Windows.FrameworkElement.Height,None,False,True,,22
ZeptairClientConf.g.en-US.resources:wndmain.baml,chkAuth:System.Windows.Controls.CheckBox.$Content,CheckBox,True,True,,Authentication
ZeptairClientConf.g.en-US.resources:wndmain.baml,chkAuth:System.Windows.Controls.Grid.Row,None,False,True,,2
ZeptairClientConf.g.en-US.resources:wndmain.baml,chkAuth:System.Windows.Controls.Grid.ColumnSpan,None,False,True,,2
ZeptairClientConf.g.en-US.resources:wndmain.baml,chkAuth:System.Windows.FrameworkElement.HorizontalAlignment,None,False,True,,Left
ZeptairClientConf.g.en-US.resources:wndmain.baml,chkAuth:System.Windows.FrameworkElement.Margin,None,False,True,,"5,9,21,5"
ZeptairClientConf.g.en-US.resources:wndmain.baml,chkAuth:System.Windows.FrameworkElement.Width,None,False,True,,109
ZeptairClientConf.g.en-US.resources:wndmain.baml,chkAuth:System.Windows.FrameworkElement.Height,None,False,True,,18
ZeptairClientConf.g.en-US.resources:wndmain.baml,chkAuth:System.Windows.Controls.Control.Padding,None,False,True,,"3,0,0,0"
ZeptairClientConf.g.en-US.resources:wndmain.baml,grdAuth:System.Windows.Controls.Grid.Row,None,False,True,,3
ZeptairClientConf.g.en-US.resources:wndmain.baml,grdAuth:System.Windows.Controls.Grid.ColumnSpan,None,False,True,,2
ZeptairClientConf.g.en-US.resources:wndmain.baml,grdAuth:System.Windows.Controls.Panel.Background,None,False,True,,\#FFECF0FF
ZeptairClientConf.g.en-US.resources:wndmain.baml,grdAuth:System.Windows.FrameworkElement.Margin,None,False,True,,"20,0,10,0"
ZeptairClientConf.g.en-US.resources:wndmain.baml,grdAuth:System.Windows.FrameworkElement.Width,None,False,True,,288
ZeptairClientConf.g.en-US.resources:wndmain.baml,grdAuth:System.Windows.FrameworkElement.HorizontalAlignment,None,False,True,,Left
ZeptairClientConf.g.en-US.resources:wndmain.baml,TextBlock_4:System.Windows.Controls.TextBlock.$Content,Text,True,True,,User Name :
ZeptairClientConf.g.en-US.resources:wndmain.baml,TextBlock_4:System.Windows.FrameworkElement.Margin,None,False,True,,"5,6,5,6"
ZeptairClientConf.g.en-US.resources:wndmain.baml,TextBlock_4:System.Windows.Controls.TextBlock.TextWrapping,None,False,True,,NoWrap
ZeptairClientConf.g.en-US.resources:wndmain.baml,tbxUserName:System.Windows.Controls.TextBox.$Content,Text,True,True,,
ZeptairClientConf.g.en-US.resources:wndmain.baml,tbxUserName:System.Windows.FrameworkElement.Width,None,False,True,,150
ZeptairClientConf.g.en-US.resources:wndmain.baml,tbxUserName:System.Windows.Controls.Grid.Column,None,False,True,,1
ZeptairClientConf.g.en-US.resources:wndmain.baml,tbxUserName:System.Windows.FrameworkElement.Margin,None,False,True,,"5,3,5,3"
ZeptairClientConf.g.en-US.resources:wndmain.baml,tbxUserName:System.Windows.Controls.Control.BorderBrush,None,False,True,,\#FF483D8B
ZeptairClientConf.g.en-US.resources:wndmain.baml,tbxUserName:System.Windows.FrameworkElement.Height,None,False,True,,22
ZeptairClientConf.g.en-US.resources:wndmain.baml,TextBlock_5:System.Windows.Controls.TextBlock.$Content,Text,True,True,,Password :
ZeptairClientConf.g.en-US.resources:wndmain.baml,TextBlock_5:System.Windows.Controls.Grid.Row,None,False,True,,1
ZeptairClientConf.g.en-US.resources:wndmain.baml,TextBlock_5:System.Windows.FrameworkElement.Margin,None,False,True,,"5,6,5,6"
ZeptairClientConf.g.en-US.resources:wndmain.baml,TextBlock_5:System.Windows.Controls.TextBlock.TextWrapping,None,False,True,,NoWrap
ZeptairClientConf.g.en-US.resources:wndmain.baml,tbxPassword:System.Windows.Controls.PasswordBox.$Content,Text,True,True,,
ZeptairClientConf.g.en-US.resources:wndmain.baml,tbxPassword:System.Windows.FrameworkElement.Width,None,False,True,,150
ZeptairClientConf.g.en-US.resources:wndmain.baml,tbxPassword:System.Windows.Controls.Grid.Column,None,False,True,,1
ZeptairClientConf.g.en-US.resources:wndmain.baml,tbxPassword:System.Windows.Controls.Grid.Row,None,False,True,,1
ZeptairClientConf.g.en-US.resources:wndmain.baml,tbxPassword:System.Windows.FrameworkElement.Margin,None,False,True,,"5,3,5,3"
ZeptairClientConf.g.en-US.resources:wndmain.baml,tbxPassword:System.Windows.Controls.Control.BorderBrush,None,False,True,,\#FF483D8B
ZeptairClientConf.g.en-US.resources:wndmain.baml,tbxPassword:System.Windows.FrameworkElement.Height,None,False,True,,22
ZeptairClientConf.g.en-US.resources:wndmain.baml,TabItem_3:System.Windows.Controls.TabItem.$Content,Text,True,True,,#Grid_30;
ZeptairClientConf.g.en-US.resources:wndmain.baml,TabItem_3:System.Windows.Controls.HeaderedContentControl.Header,Label,True,True,,VPN Details
ZeptairClientConf.g.en-US.resources:wndmain.baml,TabItem_3:System.Windows.Controls.Control.Background,None,False,True,,\#FFECF0FF
ZeptairClientConf.g.en-US.resources:wndmain.baml,Grid_30:System.Windows.FrameworkElement.Margin,None,False,True,,"20,10"
ZeptairClientConf.g.en-US.resources:wndmain.baml,TextBlock_31:System.Windows.Controls.TextBlock.$Content,Text,True,True,,Ports to forward to the server (TCP only) :
ZeptairClientConf.g.en-US.resources:wndmain.baml,TextBlock_31:System.Windows.FrameworkElement.Margin,None,False,True,,"5,6,5,6"
ZeptairClientConf.g.en-US.resources:wndmain.baml,TextBlock_31:System.Windows.Controls.TextBlock.TextWrapping,None,False,True,,NoWrap
ZeptairClientConf.g.en-US.resources:wndmain.baml,Grid_31:System.Windows.Controls.Grid.Row,None,False,True,,1
ZeptairClientConf.g.en-US.resources:wndmain.baml,Grid_31:System.Windows.FrameworkElement.Margin,None,False,True,,"20,0,20,0"
ZeptairClientConf.g.en-US.resources:wndmain.baml,tbxAddedPort:System.Windows.Controls.TextBox.$Content,Text,True,True,,
ZeptairClientConf.g.en-US.resources:wndmain.baml,tbxAddedPort:System.Windows.FrameworkElement.Width,None,False,True,,80
ZeptairClientConf.g.en-US.resources:wndmain.baml,tbxAddedPort:System.Windows.FrameworkElement.Margin,None,False,True,,"5,3,5,3"
ZeptairClientConf.g.en-US.resources:wndmain.baml,tbxAddedPort:System.Windows.Controls.Control.BorderBrush,None,False,True,,\#FF483D8B
ZeptairClientConf.g.en-US.resources:wndmain.baml,tbxAddedPort:System.Windows.FrameworkElement.Height,None,False,True,,22
ZeptairClientConf.g.en-US.resources:wndmain.baml,btnAddPort:System.Windows.Controls.Button.$Content,Button,True,True,,&gt;&gt;
ZeptairClientConf.g.en-US.resources:wndmain.baml,btnAddPort:System.Windows.Controls.Grid.Column,None,False,True,,1
ZeptairClientConf.g.en-US.resources:wndmain.baml,btnAddPort:System.Windows.FrameworkElement.Margin,None,False,True,,5
ZeptairClientConf.g.en-US.resources:wndmain.baml,btnAddPort:System.Windows.FrameworkElement.MinWidth,None,False,True,,80
ZeptairClientConf.g.en-US.resources:wndmain.baml,lstPorts:System.Windows.Controls.ListBox.$Content,ListBox,True,True,,
ZeptairClientConf.g.en-US.resources:wndmain.baml,lstPorts:System.Windows.Controls.Grid.Column,None,False,True,,2
ZeptairClientConf.g.en-US.resources:wndmain.baml,lstPorts:System.Windows.Controls.Grid.RowSpan,None,False,True,,3
ZeptairClientConf.g.en-US.resources:wndmain.baml,lstPorts:System.Windows.Controls.ListBox.SelectionMode,ListBox,True,False,,Multiple
ZeptairClientConf.g.en-US.resources:wndmain.baml,TextBlock_32:System.Windows.Controls.TextBlock.$Content,Text,True,True,,Remove
ZeptairClientConf.g.en-US.resources:wndmain.baml,TextBlock_32:System.Windows.FrameworkElement.VerticalAlignment,None,False,True,,Center
ZeptairClientConf.g.en-US.resources:wndmain.baml,TextBlock_32:System.Windows.FrameworkElement.HorizontalAlignment,None,False,True,,Right
ZeptairClientConf.g.en-US.resources:wndmain.baml,TextBlock_32:System.Windows.Controls.Grid.Row,None,False,True,,1
ZeptairClientConf.g.en-US.resources:wndmain.baml,TextBlock_32:System.Windows.Controls.Grid.Column,None,False,True,,0
ZeptairClientConf.g.en-US.resources:wndmain.baml,TextBlock_32:System.Windows.FrameworkElement.Margin,None,False,True,,"5,6,5,6"
ZeptairClientConf.g.en-US.resources:wndmain.baml,TextBlock_32:System.Windows.Controls.TextBlock.TextWrapping,None,False,True,,NoWrap
ZeptairClientConf.g.en-US.resources:wndmain.baml,btnRemovePort:System.Windows.Controls.Button.$Content,Button,True,True,,&lt;&lt;
ZeptairClientConf.g.en-US.resources:wndmain.baml,btnRemovePort:System.Windows.Controls.Grid.Row,None,False,True,,1
ZeptairClientConf.g.en-US.resources:wndmain.baml,btnRemovePort:System.Windows.Controls.Grid.Column,None,False,True,,1
ZeptairClientConf.g.en-US.resources:wndmain.baml,btnRemovePort:System.Windows.FrameworkElement.Margin,None,False,True,,5
ZeptairClientConf.g.en-US.resources:wndmain.baml,btnRemovePort:System.Windows.FrameworkElement.MinWidth,None,False,True,,80
ZeptairClientConf.g.en-US.resources:wndmain.baml,TextBlock_33:System.Windows.Controls.TextBlock.$Content,Text,True,True,,Except accesses to:
ZeptairClientConf.g.en-US.resources:wndmain.baml,TextBlock_33:System.Windows.Controls.Grid.Row,None,False,True,,2
ZeptairClientConf.g.en-US.resources:wndmain.baml,TextBlock_33:System.Windows.FrameworkElement.Margin,None,False,True,,"5,8,5,0"
ZeptairClientConf.g.en-US.resources:wndmain.baml,TextBlock_33:System.Windows.Controls.TextBlock.TextWrapping,None,False,True,,NoWrap
ZeptairClientConf.g.en-US.resources:wndmain.baml,TextBlock_34:System.Windows.Controls.TextBlock.$Content,Text,True,True,,"(ex. &apos;192.168.1.10&apos; , &apos;10.0.0.1-10.0.0.32&apos;)"
ZeptairClientConf.g.en-US.resources:wndmain.baml,TextBlock_34:System.Windows.Controls.Grid.Row,None,False,True,,3
ZeptairClientConf.g.en-US.resources:wndmain.baml,TextBlock_34:System.Windows.FrameworkElement.Margin,None,False,True,,"30,0,5,8"
ZeptairClientConf.g.en-US.resources:wndmain.baml,TextBlock_34:System.Windows.Controls.TextBlock.TextWrapping,None,False,True,,NoWrap
ZeptairClientConf.g.en-US.resources:wndmain.baml,Grid_32:System.Windows.Controls.Grid.Row,None,False,True,,4
ZeptairClientConf.g.en-US.resources:wndmain.baml,Grid_32:System.Windows.FrameworkElement.Margin,None,False,True,,"20,0,20,0"
ZeptairClientConf.g.en-US.resources:wndmain.baml,tbxAddedExcept:System.Windows.Controls.TextBox.$Content,Text,True,True,,
ZeptairClientConf.g.en-US.resources:wndmain.baml,tbxAddedExcept:System.Windows.FrameworkElement.Width,None,False,True,,130
ZeptairClientConf.g.en-US.resources:wndmain.baml,tbxAddedExcept:System.Windows.FrameworkElement.Margin,None,False,True,,"5,3,5,3"
ZeptairClientConf.g.en-US.resources:wndmain.baml,tbxAddedExcept:System.Windows.Controls.Control.BorderBrush,None,False,True,,\#FF483D8B
ZeptairClientConf.g.en-US.resources:wndmain.baml,tbxAddedExcept:System.Windows.FrameworkElement.Height,None,False,True,,22
ZeptairClientConf.g.en-US.resources:wndmain.baml,btnAddExcept:System.Windows.Controls.Button.$Content,Button,True,True,,&gt;&gt;
ZeptairClientConf.g.en-US.resources:wndmain.baml,btnAddExcept:System.Windows.Controls.Grid.Column,None,False,True,,1
ZeptairClientConf.g.en-US.resources:wndmain.baml,btnAddExcept:System.Windows.FrameworkElement.Margin,None,False,True,,5
ZeptairClientConf.g.en-US.resources:wndmain.baml,btnAddExcept:System.Windows.FrameworkElement.MinWidth,None,False,True,,80
ZeptairClientConf.g.en-US.resources:wndmain.baml,lstExcepts:System.Windows.Controls.ListBox.$Content,ListBox,True,True,,
ZeptairClientConf.g.en-US.resources:wndmain.baml,lstExcepts:System.Windows.Controls.Grid.Column,None,False,True,,2
ZeptairClientConf.g.en-US.resources:wndmain.baml,lstExcepts:System.Windows.Controls.Grid.RowSpan,None,False,True,,3
ZeptairClientConf.g.en-US.resources:wndmain.baml,lstExcepts:System.Windows.Controls.ListBox.SelectionMode,ListBox,True,False,,Multiple
ZeptairClientConf.g.en-US.resources:wndmain.baml,TextBlock_35:System.Windows.Controls.TextBlock.$Content,Text,True,True,,Remove
ZeptairClientConf.g.en-US.resources:wndmain.baml,TextBlock_35:System.Windows.FrameworkElement.VerticalAlignment,None,False,True,,Center
ZeptairClientConf.g.en-US.resources:wndmain.baml,TextBlock_35:System.Windows.FrameworkElement.HorizontalAlignment,None,False,True,,Right
ZeptairClientConf.g.en-US.resources:wndmain.baml,TextBlock_35:System.Windows.Controls.Grid.Row,None,False,True,,1
ZeptairClientConf.g.en-US.resources:wndmain.baml,TextBlock_35:System.Windows.Controls.Grid.Column,None,False,True,,0
ZeptairClientConf.g.en-US.resources:wndmain.baml,TextBlock_35:System.Windows.FrameworkElement.Margin,None,False,True,,"5,6,5,6"
ZeptairClientConf.g.en-US.resources:wndmain.baml,TextBlock_35:System.Windows.Controls.TextBlock.TextWrapping,None,False,True,,NoWrap
ZeptairClientConf.g.en-US.resources:wndmain.baml,btnRemoveExcept:System.Windows.Controls.Button.$Content,Button,True,True,,&lt;&lt;
ZeptairClientConf.g.en-US.resources:wndmain.baml,btnRemoveExcept:System.Windows.Controls.Grid.Row,None,False,True,,1
ZeptairClientConf.g.en-US.resources:wndmain.baml,btnRemoveExcept:System.Windows.Controls.Grid.Column,None,False,True,,1
ZeptairClientConf.g.en-US.resources:wndmain.baml,btnRemoveExcept:System.Windows.FrameworkElement.Margin,None,False,True,,5
ZeptairClientConf.g.en-US.resources:wndmain.baml,btnRemoveExcept:System.Windows.FrameworkElement.MinWidth,None,False,True,,80
ZeptairClientConf.g.en-US.resources:wndmain.baml,TabItem_4:System.Windows.Controls.TabItem.$Content,Text,True,True,,#Grid_33;
ZeptairClientConf.g.en-US.resources:wndmain.baml,TabItem_4:System.Windows.Controls.HeaderedContentControl.Header,Label,True,True,,Options
ZeptairClientConf.g.en-US.resources:wndmain.baml,TabItem_4:System.Windows.Controls.Control.Background,None,False,True,,\#FFECF0FF
ZeptairClientConf.g.en-US.resources:wndmain.baml,Grid_33:System.Windows.FrameworkElement.Margin,None,False,True,,"20,10"
ZeptairClientConf.g.en-US.resources:wndmain.baml,StackPanel_11:System.Windows.Controls.Grid.Row,None,False,True,,0
ZeptairClientConf.g.en-US.resources:wndmain.baml,chkAutoActivate:System.Windows.Controls.CheckBox.$Content,CheckBox,True,True,,Automatically activate VPN at system boot
ZeptairClientConf.g.en-US.resources:wndmain.baml,chkAutoActivate:System.Windows.FrameworkElement.HorizontalAlignment,None,False,True,,Left
ZeptairClientConf.g.en-US.resources:wndmain.baml,chkAutoActivate:System.Windows.FrameworkElement.Margin,None,False,True,,"5,9,21,5"
ZeptairClientConf.g.en-US.resources:wndmain.baml,chkAutoActivate:System.Windows.FrameworkElement.Height,None,False,True,,18
ZeptairClientConf.g.en-US.resources:wndmain.baml,chkAutoActivate:System.Windows.Controls.Control.Padding,None,False,True,,"3,0,0,0"
ZeptairClientConf.g.en-US.resources:wndmain.baml,chkAcceptCmd:System.Windows.Controls.CheckBox.$Content,CheckBox,True,True,,Accept Remote Operation by Zeptair Admin.
ZeptairClientConf.g.en-US.resources:wndmain.baml,chkAcceptCmd:System.Windows.FrameworkElement.HorizontalAlignment,None,False,True,,Left
ZeptairClientConf.g.en-US.resources:wndmain.baml,chkAcceptCmd:System.Windows.FrameworkElement.Margin,None,False,True,,"5,9,21,5"
ZeptairClientConf.g.en-US.resources:wndmain.baml,chkAcceptCmd:System.Windows.FrameworkElement.Height,None,False,True,,18
ZeptairClientConf.g.en-US.resources:wndmain.baml,chkAcceptCmd:System.Windows.Controls.Control.Padding,None,False,True,,"3,0,0,0"
ZeptairClientConf.g.en-US.resources:wndmain.baml,stpAdminNames:System.Windows.FrameworkElement.Margin,None,False,True,,"20,0,0,0"
ZeptairClientConf.g.en-US.resources:wndmain.baml,stpAdminNames:System.Windows.Controls.Panel.Background,None,False,True,,\#FFF8F9FF
ZeptairClientConf.g.en-US.resources:wndmain.baml,StackPanel_12:System.Windows.FrameworkElement.Margin,None,False,True,,5
ZeptairClientConf.g.en-US.resources:wndmain.baml,chkAdminNames:System.Windows.Controls.CheckBox.$Content,CheckBox,True,True,,
ZeptairClientConf.g.en-US.resources:wndmain.baml,chkAdminNames:System.Windows.Controls.ContentControl.Content,CheckBox,True,True,,Specify Admin. Usernames (Not Fullnames)
ZeptairClientConf.g.en-US.resources:wndmain.baml,chkAdminNames:System.Windows.FrameworkElement.Height,None,False,True,,18
ZeptairClientConf.g.en-US.resources:wndmain.baml,chkAdminNames:System.Windows.FrameworkElement.HorizontalAlignment,None,False,True,,Left
ZeptairClientConf.g.en-US.resources:wndmain.baml,chkAdminNames:System.Windows.FrameworkElement.Margin,None,False,True,,"0,5,21,5"
ZeptairClientConf.g.en-US.resources:wndmain.baml,chkAdminNames:System.Windows.Controls.Control.Padding,None,False,True,,"3,0,0,0"
ZeptairClientConf.g.en-US.resources:wndmain.baml,grdAdminNames:System.Windows.FrameworkElement.Margin,None,False,True,,"20,0,0,0"
ZeptairClientConf.g.en-US.resources:wndmain.baml,txbAdminName:System.Windows.Controls.TextBox.$Content,Text,True,True,,
ZeptairClientConf.g.en-US.resources:wndmain.baml,txbAdminName:System.Windows.Controls.Control.BorderBrush,None,False,True,,\#FF483D8B
ZeptairClientConf.g.en-US.resources:wndmain.baml,txbAdminName:System.Windows.FrameworkElement.Height,None,False,True,,22
ZeptairClientConf.g.en-US.resources:wndmain.baml,txbAdminName:System.Windows.FrameworkElement.Margin,None,False,True,,"5,3,5,3"
ZeptairClientConf.g.en-US.resources:wndmain.baml,txbAdminName:System.Windows.FrameworkElement.Width,None,False,True,,130
ZeptairClientConf.g.en-US.resources:wndmain.baml,button1:System.Windows.Controls.Button.$Content,Button,True,True,,
ZeptairClientConf.g.en-US.resources:wndmain.baml,button1:System.Windows.Controls.ContentControl.Content,Button,True,True,,&gt;&gt;
ZeptairClientConf.g.en-US.resources:wndmain.baml,button1:System.Windows.Controls.Grid.Column,None,False,True,,1
ZeptairClientConf.g.en-US.resources:wndmain.baml,button1:System.Windows.FrameworkElement.Margin,None,False,True,,5
ZeptairClientConf.g.en-US.resources:wndmain.baml,button1:System.Windows.FrameworkElement.MinWidth,None,False,True,,80
ZeptairClientConf.g.en-US.resources:wndmain.baml,lstAdminNames:System.Windows.Controls.ListBox.$Content,ListBox,True,True,,
ZeptairClientConf.g.en-US.resources:wndmain.baml,lstAdminNames:System.Windows.Controls.Grid.Column,None,False,True,,2
ZeptairClientConf.g.en-US.resources:wndmain.baml,lstAdminNames:System.Windows.Controls.Grid.RowSpan,None,False,True,,3
ZeptairClientConf.g.en-US.resources:wndmain.baml,lstAdminNames:System.Windows.Controls.ListBox.SelectionMode,ListBox,True,False,,Multiple
ZeptairClientConf.g.en-US.resources:wndmain.baml,TextBlock_36:System.Windows.Controls.TextBlock.$Content,Text,True,True,,Remove
ZeptairClientConf.g.en-US.resources:wndmain.baml,TextBlock_36:System.Windows.Controls.Grid.Column,None,False,True,,0
ZeptairClientConf.g.en-US.resources:wndmain.baml,TextBlock_36:System.Windows.Controls.Grid.Row,None,False,True,,1
ZeptairClientConf.g.en-US.resources:wndmain.baml,TextBlock_36:System.Windows.FrameworkElement.HorizontalAlignment,None,False,True,,Right
ZeptairClientConf.g.en-US.resources:wndmain.baml,TextBlock_36:System.Windows.FrameworkElement.Margin,None,False,True,,"5,6,5,6"
ZeptairClientConf.g.en-US.resources:wndmain.baml,TextBlock_36:System.Windows.Controls.TextBlock.TextWrapping,None,False,True,,NoWrap
ZeptairClientConf.g.en-US.resources:wndmain.baml,TextBlock_36:System.Windows.FrameworkElement.VerticalAlignment,None,False,True,,Center
ZeptairClientConf.g.en-US.resources:wndmain.baml,button2:System.Windows.Controls.Button.$Content,Button,True,True,,
ZeptairClientConf.g.en-US.resources:wndmain.baml,button2:System.Windows.Controls.ContentControl.Content,Button,True,True,,&lt;&lt;
ZeptairClientConf.g.en-US.resources:wndmain.baml,button2:System.Windows.Controls.Grid.Column,None,False,True,,1
ZeptairClientConf.g.en-US.resources:wndmain.baml,button2:System.Windows.Controls.Grid.Row,None,False,True,,1
ZeptairClientConf.g.en-US.resources:wndmain.baml,button2:System.Windows.FrameworkElement.Margin,None,False,True,,5
ZeptairClientConf.g.en-US.resources:wndmain.baml,button2:System.Windows.FrameworkElement.MinWidth,None,False,True,,80
ZeptairClientConf.g.en-US.resources:wndmain.baml,chkHideSettingsMenu:System.Windows.Controls.CheckBox.$Content,CheckBox,True,True,,Hide &apos;Zeptair Settings&apos; Menu item
ZeptairClientConf.g.en-US.resources:wndmain.baml,chkHideSettingsMenu:System.Windows.FrameworkElement.HorizontalAlignment,None,False,True,,Left
ZeptairClientConf.g.en-US.resources:wndmain.baml,chkHideSettingsMenu:System.Windows.FrameworkElement.Margin,None,False,True,,"5,9,21,5"
ZeptairClientConf.g.en-US.resources:wndmain.baml,chkHideSettingsMenu:System.Windows.FrameworkElement.Height,None,False,True,,18
ZeptairClientConf.g.en-US.resources:wndmain.baml,chkHideSettingsMenu:System.Windows.Controls.Control.Padding,None,False,True,,"3,0,0,0"
ZeptairClientConf.g.en-US.resources:wndmain.baml,StackPanel_10:System.Windows.Controls.StackPanel.Orientation,None,False,True,,Horizontal
ZeptairClientConf.g.en-US.resources:wndmain.baml,StackPanel_10:System.Windows.Controls.Grid.Column,None,False,True,,1
ZeptairClientConf.g.en-US.resources:wndmain.baml,StackPanel_10:System.Windows.Controls.Grid.Row,None,False,True,,3
ZeptairClientConf.g.en-US.resources:wndmain.baml,StackPanel_10:System.Windows.FrameworkElement.Margin,None,False,True,,"0,20,0,8"
ZeptairClientConf.g.en-US.resources:wndmain.baml,StackPanel_10:System.Windows.FrameworkElement.HorizontalAlignment,None,False,True,,Center
ZeptairClientConf.g.en-US.resources:wndmain.baml,btnOk:System.Windows.Controls.Button.$Content,Button,True,True,,OK
ZeptairClientConf.g.en-US.resources:wndmain.baml,btnOk:System.Windows.FrameworkElement.Margin,None,False,True,,5
ZeptairClientConf.g.en-US.resources:wndmain.baml,btnOk:System.Windows.FrameworkElement.MinWidth,None,False,True,,80
ZeptairClientConf.g.en-US.resources:wndmain.baml,btnCancel:System.Windows.Controls.Button.$Content,Button,True,True,,Cancel
ZeptairClientConf.g.en-US.resources:wndmain.baml,btnCancel:System.Windows.FrameworkElement.Margin,None,False,True,,5
ZeptairClientConf.g.en-US.resources:wndmain.baml,btnCancel:System.Windows.FrameworkElement.MinWidth,None,False,True,,80
ZeptairClientConf.g.en-US.resources:wndapplyserver.baml,Window_10:Zeptair.ClientConf.WndApplyServer.$Content,None,True,True,,#StackPanel_1;
ZeptairClientConf.g.en-US.resources:wndapplyserver.baml,Window_10:System.Windows.Window.Title,Title,True,True,,Zeptair Client Settings
ZeptairClientConf.g.en-US.resources:wndapplyserver.baml,Window_10:System.Windows.FrameworkElement.Height,None,False,True,,297
ZeptairClientConf.g.en-US.resources:wndapplyserver.baml,Window_10:System.Windows.FrameworkElement.Width,None,False,True,,444
ZeptairClientConf.g.en-US.resources:wndapplyserver.baml,Window_10:System.Windows.Window.WindowStartupLocation,None,False,True,,CenterOwner
ZeptairClientConf.g.en-US.resources:wndapplyserver.baml,Window_10:System.Windows.Window.ShowInTaskbar,None,False,True,,False
ZeptairClientConf.g.en-US.resources:wndapplyserver.baml,Window_10:System.Windows.Window.ResizeMode,None,False,True,,NoResize
ZeptairClientConf.g.en-US.resources:wndapplyserver.baml,Window_10:System.Windows.Controls.Control.Background,None,False,True,,\#FFFFFFFF
ZeptairClientConf.g.en-US.resources:wndapplyserver.baml,Window_10:System.Windows.Window.WindowStyle,None,True,False,,ToolWindow
ZeptairClientConf.g.en-US.resources:wndapplyserver.baml,Window_10:System.Windows.Controls.Control.BorderThickness,None,False,True,,0
ZeptairClientConf.g.en-US.resources:wndapplyserver.baml,Window_10:System.Windows.Controls.Control.VerticalContentAlignment,None,False,True,,Center
ZeptairClientConf.g.en-US.resources:wndapplyserver.baml,Window_10:System.Windows.Window.Topmost,None,False,True,,False
ZeptairClientConf.g.en-US.resources:wndapplyserver.baml,StackPanel_1:System.Windows.FrameworkElement.Margin,None,False,True,,5
ZeptairClientConf.g.en-US.resources:wndapplyserver.baml,StackPanel_1:System.Windows.FrameworkElement.HorizontalAlignment,None,False,True,,Stretch
ZeptairClientConf.g.en-US.resources:wndapplyserver.baml,StackPanel_1:System.Windows.FrameworkElement.VerticalAlignment,None,False,True,,Center
ZeptairClientConf.g.en-US.resources:wndapplyserver.baml,StackPanel_1:System.Windows.FrameworkElement.Height,None,False,True,,246
ZeptairClientConf.g.en-US.resources:wndapplyserver.baml,StackPanel_1:System.Windows.FrameworkElement.Width,None,False,True,,405
ZeptairClientConf.g.en-US.resources:wndapplyserver.baml,tabTargets:System.Windows.Controls.TabControl.$Content,None,False,True,,#tbiTarget1;
ZeptairClientConf.g.en-US.resources:wndapplyserver.baml,tabTargets:System.Windows.Controls.Control.Background,None,False,True,,\#FFE7F5FF
ZeptairClientConf.g.en-US.resources:wndapplyserver.baml,tabTargets:System.Windows.FrameworkElement.Margin,None,False,True,,"5,5,5,5"
ZeptairClientConf.g.en-US.resources:wndapplyserver.baml,tabTargets:System.Windows.Controls.Control.HorizontalContentAlignment,None,False,True,,Stretch
ZeptairClientConf.g.en-US.resources:wndapplyserver.baml,tabTargets:System.Windows.FrameworkElement.Height,None,False,True,,196
ZeptairClientConf.g.en-US.resources:wndapplyserver.baml,tabTargets:System.Windows.FrameworkElement.Width,None,False,True,,378
ZeptairClientConf.g.en-US.resources:wndapplyserver.baml,tbiTarget1:System.Windows.Controls.TabItem.$Content,Text,True,True,,#grdParams;
ZeptairClientConf.g.en-US.resources:wndapplyserver.baml,tbiTarget1:System.Windows.Controls.Control.Background,None,False,True,,\#FFE7F5FF
ZeptairClientConf.g.en-US.resources:wndapplyserver.baml,tbiTarget1:System.Windows.Controls.HeaderedContentControl.Header,Label,True,True,,Confirmation
ZeptairClientConf.g.en-US.resources:wndapplyserver.baml,grdParams:System.Windows.FrameworkElement.Height,None,False,True,,142
ZeptairClientConf.g.en-US.resources:wndapplyserver.baml,grdParams:System.Windows.Controls.Panel.Background,None,False,True,,\#FFE7F5FF
ZeptairClientConf.g.en-US.resources:wndapplyserver.baml,grdParams:System.Windows.FrameworkElement.Width,None,False,True,,337
ZeptairClientConf.g.en-US.resources:wndapplyserver.baml,StackPanel_3:System.Windows.Controls.StackPanel.Orientation,None,False,True,,Horizontal
ZeptairClientConf.g.en-US.resources:wndapplyserver.baml,TextBlock_2:System.Windows.Controls.TextBlock.$Content,Text,True,True,,The specified Server Address and Authentication will be applied also to the settings checked below:
ZeptairClientConf.g.en-US.resources:wndapplyserver.baml,TextBlock_2:System.Windows.FrameworkElement.Margin,None,False,True,,"5,3,5,0"
ZeptairClientConf.g.en-US.resources:wndapplyserver.baml,TextBlock_2:System.Windows.Controls.TextBlock.TextWrapping,None,False,True,,Wrap
ZeptairClientConf.g.en-US.resources:wndapplyserver.baml,TextBlock_2:System.Windows.FrameworkElement.Width,None,False,True,,320
ZeptairClientConf.g.en-US.resources:wndapplyserver.baml,TextBlock_2:System.Windows.FrameworkElement.VerticalAlignment,None,False,True,,Center
ZeptairClientConf.g.en-US.resources:wndapplyserver.baml,StackPanel_4:System.Windows.FrameworkElement.Margin,None,False,True,,"10,0,0,9"
ZeptairClientConf.g.en-US.resources:wndapplyserver.baml,chkApplyToBrowser:System.Windows.Controls.CheckBox.$Content,CheckBox,True,True,,Thetis Browser
ZeptairClientConf.g.en-US.resources:wndapplyserver.baml,chkApplyToBrowser:System.Windows.FrameworkElement.HorizontalAlignment,None,False,True,,Left
ZeptairClientConf.g.en-US.resources:wndapplyserver.baml,chkApplyToBrowser:System.Windows.FrameworkElement.Margin,None,False,True,,"5,9,21,5"
ZeptairClientConf.g.en-US.resources:wndapplyserver.baml,chkApplyToBrowser:System.Windows.FrameworkElement.Height,None,False,True,,18
ZeptairClientConf.g.en-US.resources:wndapplyserver.baml,chkApplyToBrowser:System.Windows.Controls.Control.Padding,None,False,True,,"3,0,0,0"
ZeptairClientConf.g.en-US.resources:wndapplyserver.baml,chkApplyToRss:System.Windows.Controls.CheckBox.$Content,CheckBox,True,True,,Thetis RSS
ZeptairClientConf.g.en-US.resources:wndapplyserver.baml,chkApplyToRss:System.Windows.FrameworkElement.HorizontalAlignment,None,False,True,,Left
ZeptairClientConf.g.en-US.resources:wndapplyserver.baml,chkApplyToRss:System.Windows.FrameworkElement.Margin,None,False,True,,"5,5,21,5"
ZeptairClientConf.g.en-US.resources:wndapplyserver.baml,chkApplyToRss:System.Windows.FrameworkElement.Height,None,False,True,,18
ZeptairClientConf.g.en-US.resources:wndapplyserver.baml,chkApplyToRss:System.Windows.Controls.Control.Padding,None,False,True,,"3,0,0,0"
ZeptairClientConf.g.en-US.resources:wndapplyserver.baml,chkApplyToZeptDist:System.Windows.Controls.CheckBox.$Content,CheckBox,True,True,,
ZeptairClientConf.g.en-US.resources:wndapplyserver.baml,chkApplyToZeptDist:System.Windows.FrameworkElement.HorizontalAlignment,None,False,True,,Left
ZeptairClientConf.g.en-US.resources:wndapplyserver.baml,chkApplyToZeptDist:System.Windows.FrameworkElement.Margin,None,False,True,,"5,5,21,9"
ZeptairClientConf.g.en-US.resources:wndapplyserver.baml,chkApplyToZeptDist:System.Windows.Controls.ContentControl.Content,CheckBox,True,True,,Zeptair Distribution
ZeptairClientConf.g.en-US.resources:wndapplyserver.baml,chkApplyToZeptDist:System.Windows.FrameworkElement.Height,None,False,True,,18
ZeptairClientConf.g.en-US.resources:wndapplyserver.baml,chkApplyToZeptDist:System.Windows.Controls.Control.Padding,None,False,True,,"3,0,0,0"
ZeptairClientConf.g.en-US.resources:wndapplyserver.baml,StackPanel_6:System.Windows.Controls.StackPanel.Orientation,None,False,True,,Horizontal
ZeptairClientConf.g.en-US.resources:wndapplyserver.baml,StackPanel_6:System.Windows.FrameworkElement.Margin,None,False,True,,"5,5,5,0"
ZeptairClientConf.g.en-US.resources:wndapplyserver.baml,StackPanel_6:System.Windows.FrameworkElement.HorizontalAlignment,None,False,True,,Center
ZeptairClientConf.g.en-US.resources:wndapplyserver.baml,StackPanel_6:System.Windows.FrameworkElement.Height,None,False,True,,32
ZeptairClientConf.g.en-US.resources:wndapplyserver.baml,StackPanel_6:System.Windows.FrameworkElement.Width,None,False,True,,90
ZeptairClientConf.g.en-US.resources:wndapplyserver.baml,Button_1:System.Windows.Controls.Button.$Content,Button,True,True,,OK
ZeptairClientConf.g.en-US.resources:wndapplyserver.baml,Button_1:System.Windows.FrameworkElement.Margin,None,False,True,,5
ZeptairClientConf.g.en-US.resources:wndapplyserver.baml,Button_1:System.Windows.FrameworkElement.MinWidth,None,False,True,,80
ZeptairClientConf.g.en-US.resources:wndapplyserver.baml,Button_1:System.Windows.Controls.Button.IsDefault,None,False,True,,True
ZeptairClientConf.g.en-US.resources:wndapplyserver.baml,Button_1:System.Windows.FrameworkElement.HorizontalAlignment,None,False,True,,Stretch
